PRAGMA foreign_keys=OFF;
BEGIN TRANSACTION;
CREATE TABLE IF NOT EXISTS "migrations" ("id" integer primary key autoincrement not null, "migration" varchar not null, "batch" integer not null);
INSERT INTO migrations VALUES(24,'2024_07_19_222350_create_orders_table',1);
INSERT INTO migrations VALUES(146,'2024_05_30_152012_create_employs_table',2);
INSERT INTO migrations VALUES(350,'0001_01_01_000000_create_users_table',3);
INSERT INTO migrations VALUES(351,'0001_01_01_000001_create_cache_table',3);
INSERT INTO migrations VALUES(352,'0001_01_01_000002_create_jobs_table',3);
INSERT INTO migrations VALUES(353,'2024_05_27_154221_create_clients_table',3);
INSERT INTO migrations VALUES(354,'2024_05_29_212645_create_products_table',3);
INSERT INTO migrations VALUES(355,'2024_05_30_132749_create_categories_table',3);
INSERT INTO migrations VALUES(356,'2024_07_22_191541_create_pedidos_table',3);
INSERT INTO migrations VALUES(357,'2024_07_24_165438_create_orders_table',3);
INSERT INTO migrations VALUES(358,'2024_07_27_161104_create_empleados_table',3);
INSERT INTO migrations VALUES(359,'2024_09_03_211055_create_produccions_table',3);
INSERT INTO migrations VALUES(360,'2024_09_03_211139_create_asignacions_table',3);
INSERT INTO migrations VALUES(361,'2024_09_03_211221_create_cobros_table',3);
INSERT INTO migrations VALUES(362,'2024_09_05_194708_refresh',3);
INSERT INTO migrations VALUES(363,'2024_09_16_150715_create_product_images_table',3);
INSERT INTO migrations VALUES(364,'2024_09_20_202729_create_historial_impresions_table',3);
CREATE TABLE IF NOT EXISTS "employs" ("id" integer primary key autoincrement not null, "created_at" datetime, "updated_at" datetime);
CREATE TABLE IF NOT EXISTS "users" ("id" integer primary key autoincrement not null, "name" varchar not null, "email" varchar not null, "email_verified_at" datetime, "password" varchar not null, "remember_token" varchar, "created_at" datetime, "updated_at" datetime);
INSERT INTO users VALUES(1,'javis developez','javis9203@gmail.com','2024-09-20 21:12:19','$2y$12$Ix/MzRt6Y7B.F23ZG4ilnO8.5Q2hagi062cwN4AHyE8UqoE3W7SZi','dtjyDKBPC7','2024-09-20 21:12:19','2024-09-20 21:12:19');
CREATE TABLE IF NOT EXISTS "password_reset_tokens" ("email" varchar not null, "token" varchar not null, "created_at" datetime, primary key ("email"));
CREATE TABLE IF NOT EXISTS "sessions" ("id" varchar not null, "user_id" integer, "ip_address" varchar, "user_agent" text, "payload" text not null, "last_activity" integer not null, primary key ("id"));
INSERT INTO sessions VALUES('SgViz8AoXquvgwWccff8R6FCKUl3fBjynXrOr7uc',1,'127.0.0.1','Mozilla/5.0 (Windows NT 10.0; Win64; x64) AppleWebKit/537.36 (KHTML, like Gecko) Chrome/129.0.0.0 Safari/537.36','YTo0OntzOjY6Il90b2tlbiI7czo0MDoiWUQ3dDVmTWhTSUtxb1Q4cGxzRENodDVjaEd6bTdZUEdRRHhhOXREcyI7czo1MDoibG9naW5fd2ViXzU5YmEzNmFkZGMyYjJmOTQwMTU4MGYwMTRjN2Y1OGVhNGUzMDk4OWQiO2k6MTtzOjY6Il9mbGFzaCI7YToyOntzOjM6Im9sZCI7YTowOnt9czozOiJuZXciO2E6MDp7fX1zOjk6Il9wcmV2aW91cyI7YToxOntzOjM6InVybCI7czozNToiaHR0cDovL2xvY2FsaG9zdDo4MDAwL2NyZWFyLXBlZGlkb3MiO319',1727378813);
CREATE TABLE IF NOT EXISTS "cache" ("key" varchar not null, "value" text not null, "expiration" integer not null, primary key ("key"));
CREATE TABLE IF NOT EXISTS "cache_locks" ("key" varchar not null, "owner" varchar not null, "expiration" integer not null, primary key ("key"));
CREATE TABLE IF NOT EXISTS "jobs" ("id" integer primary key autoincrement not null, "queue" varchar not null, "payload" text not null, "attempts" integer not null, "reserved_at" integer, "available_at" integer not null, "created_at" integer not null);
CREATE TABLE IF NOT EXISTS "job_batches" ("id" varchar not null, "name" varchar not null, "total_jobs" integer not null, "pending_jobs" integer not null, "failed_jobs" integer not null, "failed_job_ids" text not null, "options" text, "cancelled_at" integer, "created_at" integer not null, "finished_at" integer, primary key ("id"));
CREATE TABLE IF NOT EXISTS "failed_jobs" ("id" integer primary key autoincrement not null, "uuid" varchar not null, "connection" text not null, "queue" text not null, "payload" text not null, "exception" text not null, "failed_at" datetime not null default CURRENT_TIMESTAMP);
CREATE TABLE IF NOT EXISTS "clients" ("id" integer primary key autoincrement not null, "full_name" varchar not null, "email" varchar not null, "phone" varchar, "address" varchar, "city" varchar, "state" varchar, "postal_code" varchar, "country" varchar, "birth_date" date, "identification_number" varchar, "gender" varchar check ("gender" in ('male', 'female', 'other')), "notes" text, "registration_date" date, "status" varchar check ("status" in ('active', 'inactive')) not null default 'active', "created_at" datetime, "updated_at" datetime);
INSERT INTO clients VALUES(1,'Vivian Hagenes Jr.','dtrantow@example.net','+17209143709',replace('538 Nicolas Gateway\nElnoraburgh, NE 49152','\n',char(10)),'West Amaraburgh','California','08442-6031','Gambia','1984-08-25','QvZw9qggHx','other','Similique quasi deserunt et doloremque. Doloremque nostrum ipsum mollitia repudiandae et magnam et illum. Sed eum cum velit excepturi a id.','2022-08-29','inactive','2024-09-20 21:12:14','2024-09-20 21:12:14');
INSERT INTO clients VALUES(2,'Kadin Bergstrom PhD','jokuneva@example.net','319.600.0820',replace('1611 Kacey Forges Apt. 954\nSchambergertown, DE 28936','\n',char(10)),'Port Jaymeton','Kentucky','22187-8614','Svalbard & Jan Mayen Islands','1988-06-25','BPqjcVRa9E','other','Quia et soluta libero saepe qui nihil doloremque fugit. Ut quae quisquam consequatur quidem enim tempore. Aut ratione excepturi nulla voluptatem sint quia minus nesciunt.','2014-11-12','inactive','2024-09-20 21:12:14','2024-09-20 21:12:14');
INSERT INTO clients VALUES(3,'Chance Reynolds','ohara.berneice@example.com','(850) 408-7824',replace('18098 Spencer Union\nNorth Christy, NV 35865','\n',char(10)),'West Jaclynborough','Louisiana','39198-2308','Brunei Darussalam','1992-07-19','n19BheL6EC','male','Aliquam doloribus mollitia et enim blanditiis magnam. Quis illum ut voluptatem quae neque quo. Praesentium consequatur sunt quo cupiditate quaerat. Iure doloremque sed dicta tempora.','2004-03-27','inactive','2024-09-20 21:12:14','2024-09-20 21:12:14');
INSERT INTO clients VALUES(4,'Margarett Schultz','adalberto79@example.com','925.769.2261',replace('21857 O''Keefe Drive Suite 722\nRitaport, OK 78876','\n',char(10)),'Litzyville','Louisiana','79103-5656','Lesotho','1988-09-24','MoGVUVr7i8','female','Adipisci molestiae est aperiam quis error aut facilis. Rerum recusandae repudiandae laboriosam nobis. Qui quo repellat omnis est molestiae harum voluptas.','1971-05-19','inactive','2024-09-20 21:12:14','2024-09-20 21:12:14');
INSERT INTO clients VALUES(5,'Vanessa Funk','lbergnaum@example.net','+1.325.538.4946',replace('236 Mante Corners\nRebecaburgh, OR 13289-4901','\n',char(10)),'West Cathrine','Wyoming','31871-7180','Botswana','1988-09-25','Lrorl92O7X','male','Recusandae qui autem consequuntur reiciendis voluptas. Dolores cum explicabo est. Eum quidem dolor incidunt ipsa est modi. Non quasi explicabo qui explicabo neque illum.','1973-09-20','active','2024-09-20 21:12:14','2024-09-20 21:12:14');
INSERT INTO clients VALUES(6,'Mr. Cale Schowalter III','laura.schuppe@example.net','718.279.6506',replace('1708 Pacocha Forks Suite 550\nSouth Maggie, CO 64164-2402','\n',char(10)),'O''Harachester','Delaware','65016-8795','Anguilla','1977-04-07','OEiCuPEtEF','female','Omnis necessitatibus fugiat labore nemo sint omnis. Tempore quis ducimus est fugit. In facere deserunt nihil unde iusto quis impedit. Aliquid quia aliquam consequatur inventore distinctio sit qui et.','1991-12-19','inactive','2024-09-20 21:12:14','2024-09-20 21:12:14');
INSERT INTO clients VALUES(7,'Ms. Samara Oberbrunner','harmon51@example.org','469-803-1134',replace('70065 Darrell Place\nEast Ansel, VA 36806-4080','\n',char(10)),'New Jayden','Mississippi','13466','Slovenia','1998-06-08','QlDIbwRUkk','other','Autem expedita minima consequatur omnis. Ex ea fugiat nisi sed et. Aut vero sunt reiciendis alias deserunt asperiores qui. Laborum quo omnis non sed.','2012-09-20','inactive','2024-09-20 21:12:14','2024-09-20 21:12:14');
INSERT INTO clients VALUES(8,'Chelsey Schulist V','keeley09@example.com','(520) 953-4516',replace('716 Cartwright Well\nSouth Abdullahmouth, OK 83381','\n',char(10)),'Lake Janie','New York','50733','Denmark','1973-04-05','SMduadDGfU','male','Repudiandae quam illo quia ipsa facere laudantium. Tenetur non voluptates et. Enim id ullam corrupti amet consequatur.','1997-07-19','active','2024-09-20 21:12:14','2024-09-20 21:12:14');
INSERT INTO clients VALUES(9,'Kolby Crist','pwest@example.org','352.441.4743',replace('5613 Winifred Motorway\nTomasview, SD 03926','\n',char(10)),'Kelliberg','Tennessee','07892-0370','Cote d''Ivoire','2003-09-08','ve9kwRE208','other','Nihil eos distinctio sit velit vel corrupti dolor. Et quasi sint repudiandae velit et. Sapiente nobis dolor reprehenderit voluptas reiciendis.','1976-08-02','inactive','2024-09-20 21:12:14','2024-09-20 21:12:14');
INSERT INTO clients VALUES(10,'Patrick Marks Sr.','jodie38@example.com','+1-283-418-0043',replace('19173 Ford Freeway\nLake Estellaborough, NJ 91362-7983','\n',char(10)),'Feeneyfort','Utah','89075-8512','Qatar','1984-09-29','CKB9QSIFWi','male','Blanditiis deserunt pariatur sed. Autem exercitationem quis saepe quia eligendi non. Voluptatibus eum consequatur at et cupiditate. Quasi hic est quia accusantium.','2003-12-28','active','2024-09-20 21:12:14','2024-09-20 21:12:14');
INSERT INTO clients VALUES(11,'Donnie Fadel','ullrich.dandre@example.com','+1-646-585-8439',replace('77609 Schneider Mountain\nLake Rheaburgh, ME 12527-0581','\n',char(10)),'Sharonland','Colorado','19700-4068','Latvia','1970-01-17','7aHRAzhK3V','female','Omnis voluptas incidunt natus quam aut est. Similique dolores quod expedita et debitis dicta magnam. Adipisci quia facere excepturi voluptatem incidunt et laudantium.','2005-10-25','active','2024-09-20 21:12:14','2024-09-20 21:12:14');
INSERT INTO clients VALUES(12,'Darrick Renner III','yasmine27@example.net','+14126400372',replace('8611 Summer Field Apt. 732\nConnellyborough, AL 89746','\n',char(10)),'Bobbieberg','North Carolina','80619-2790','New Caledonia','1995-07-30','gCmSF6UMK8','male','Maxime sapiente dolores earum. Sunt exercitationem voluptas sit sit amet tempora fugiat aut. Qui enim cumque ab et eos nisi.','1988-03-15','inactive','2024-09-20 21:12:14','2024-09-20 21:12:14');
INSERT INTO clients VALUES(13,'Jerad Wisoky MD','eusebio78@example.net','+1-781-468-7452',replace('7330 Nola Shoal\nPort Orphahaven, NE 08743','\n',char(10)),'Lake Allyside','Michigan','80992','Philippines','2002-06-11','8vXDZVRZzX','other','Tempore sapiente in minus unde sint ut. Nulla sit provident architecto voluptatem quos quasi consequatur. Aliquid quae natus doloremque at quia earum.','2020-12-11','inactive','2024-09-20 21:12:15','2024-09-20 21:12:15');
INSERT INTO clients VALUES(14,'Mrs. Ruthe Waters','rhintz@example.org','+1-463-692-9480',replace('82209 Elijah Meadow\nVolkmanport, OK 40665','\n',char(10)),'Juniorfort','Virginia','77214','Cuba','1980-10-15','EztZjNBtZt','male','Dolorum est itaque fugiat nihil cumque consequatur. Modi quasi ipsam ipsum quod adipisci nemo et. Ut aperiam architecto eveniet dolores rem laudantium.','1972-04-21','inactive','2024-09-20 21:12:15','2024-09-20 21:12:15');
INSERT INTO clients VALUES(15,'Angus Langosh','fdonnelly@example.org','1-747-550-9342',replace('638 Roxanne Fords\nPort Jazminchester, RI 51844-4229','\n',char(10)),'Ivamouth','Montana','89660-8500','Fiji','1990-09-13','38R45IwNa1','female','Asperiores eum ipsum est occaecati et perspiciatis corrupti. Consequatur in cupiditate optio expedita voluptatibus quos voluptas. Dolores omnis libero nisi commodi.','2012-08-30','active','2024-09-20 21:12:15','2024-09-20 21:12:15');
INSERT INTO clients VALUES(16,'Bradly Jenkins','marquardt.melody@example.com','1-321-392-1995',replace('20192 Carroll Common Suite 700\nNew Amanibury, NY 06062-5990','\n',char(10)),'East Jamison','Wyoming','94155','Mongolia','1992-06-22','6URjN1mO02','male','Omnis ad dolorum est praesentium. Aut distinctio deleniti rerum cum libero. Voluptatem aspernatur sint vel magni doloremque. Perspiciatis esse atque sed ipsam cum voluptatem voluptas dolorum. Eaque beatae dolorum ea quo.','2006-09-13','inactive','2024-09-20 21:12:15','2024-09-20 21:12:15');
INSERT INTO clients VALUES(17,'Prof. Kory Hyatt IV','jenkins.kitty@example.org','1-410-273-0763',replace('417 Dicki Run Suite 312\nEast Andreanestad, AK 04495-3893','\n',char(10)),'Waltermouth','Virginia','12114-5915','Senegal','1990-08-12','iwPU4slmPS','other','Aut facere a omnis fuga. Et veniam ex optio et. Deserunt atque assumenda omnis repudiandae nisi. Eos quisquam saepe nihil velit cum voluptas omnis earum.','1985-10-22','active','2024-09-20 21:12:15','2024-09-20 21:12:15');
INSERT INTO clients VALUES(18,'Myrl Bayer','ylowe@example.org','+1.239.576.8136',replace('294 Berge Crest Apt. 775\nVincenzahaven, AR 62969','\n',char(10)),'Reillytown','Iowa','49455-6454','Denmark','2013-04-19','oGlw9HYjCI','female','Quas expedita qui non rerum magni maiores est. Vel qui numquam nam tempore assumenda saepe voluptatem dolorum. Saepe ut et natus et et dolor.','1997-12-23','inactive','2024-09-20 21:12:15','2024-09-20 21:12:15');
INSERT INTO clients VALUES(19,'Daija VonRueden','geraldine82@example.com','+1 (848) 283-9795',replace('272 Linda Underpass Suite 726\nSouth Helena, CO 50621','\n',char(10)),'Port Ebonyport','Indiana','47666','Madagascar','1972-06-09','aGUXy1Ip5F','male','Quam rerum quos voluptates provident aspernatur sit sit. Velit ullam aut et excepturi totam tempore. Explicabo aperiam et et quae possimus enim iure.','2012-07-11','inactive','2024-09-20 21:12:15','2024-09-20 21:12:15');
INSERT INTO clients VALUES(20,'Frederick Corwin','misael79@example.net','+1 (321) 361-1145',replace('2356 Kiehn Squares Apt. 975\nEast Reese, AL 67747-8243','\n',char(10)),'Mikaylaview','Maryland','34649','Guyana','2004-05-12','6zxAUe7DNw','female','Blanditiis non sit et blanditiis quis iste. Harum ducimus est voluptas eum magnam nihil repellendus aspernatur. Cumque quo nemo voluptate ab voluptas quibusdam quia. Culpa sit quia sed sed ut ab assumenda inventore.','1992-10-17','active','2024-09-20 21:12:15','2024-09-20 21:12:15');
INSERT INTO clients VALUES(21,'Berniece Considine','franecki.maymie@example.org','+16204195183',replace('19102 Gottlieb Street Suite 810\nWest Adrielburgh, WY 60090-2369','\n',char(10)),'Altheaview','New Jersey','91802','Malta','1977-05-14','zVKlRSBeFW','male','Libero consequuntur velit repudiandae ea. Voluptatem veniam est ipsum dolor. Autem dolorem sed et. Autem iure ipsum unde est.','2003-02-10','inactive','2024-09-20 21:12:15','2024-09-20 21:12:15');
INSERT INTO clients VALUES(22,'Dr. Kasey Funk','douglas.darius@example.com','+14342421387',replace('98465 Kovacek Village Suite 132\nHoweborough, WY 80456','\n',char(10)),'Erdmanborough','Michigan','38287','Korea','2005-01-05','reBnO7dNSH','female','Et eaque earum ea quo illo quos. Pariatur placeat est quia et sunt laudantium ducimus possimus. Dignissimos culpa dignissimos nesciunt sit.','1995-02-26','active','2024-09-20 21:12:15','2024-09-20 21:12:15');
INSERT INTO clients VALUES(23,'Deontae Heidenreich','brakus.idell@example.net','+1.240.200.2692',replace('346 Kacie Lakes Suite 372\nJastview, UT 94668','\n',char(10)),'West Austynport','Minnesota','33466-3053','Albania','1988-12-22','wnHM9qRJrO','male','Qui non commodi ullam occaecati pariatur tempora aliquid voluptates. Necessitatibus laborum reiciendis qui ipsum. Velit recusandae vero eos magni possimus. Aut libero vel dignissimos ratione est in.','1998-11-02','inactive','2024-09-20 21:12:15','2024-09-20 21:12:15');
INSERT INTO clients VALUES(24,'Neal Ferry II','zechariah77@example.net','+1-804-533-3048',replace('4190 Collins Estates\nNew Evalynshire, IA 95948','\n',char(10)),'Dibbertberg','Nebraska','79230','Norfolk Island','2001-05-02','RJx1HWOlbN','other','Tempora adipisci consectetur placeat consectetur. Perferendis ut est alias doloremque incidunt. Iusto nisi aperiam voluptates assumenda adipisci dolores. Quo cum fugit accusantium recusandae eum. Enim sint temporibus perferendis minus illum.','1980-05-11','active','2024-09-20 21:12:15','2024-09-20 21:12:15');
INSERT INTO clients VALUES(25,'Dr. Leonor Barrows I','carter.liana@example.com','+1-214-888-7122',replace('232 Ora Ways Suite 373\nWest Mikayla, WY 49689-6993','\n',char(10)),'Lake Haliemouth','Florida','20451','Namibia','2012-11-09','a40JhlUcto','female','Adipisci est debitis harum praesentium eos et eveniet. Eligendi fugiat vero excepturi ducimus. Eveniet voluptatem consequuntur nemo voluptatem illum iusto. Dolor animi totam sed esse quo eligendi nihil ut.','2014-06-02','inactive','2024-09-20 21:12:15','2024-09-20 21:12:15');
INSERT INTO clients VALUES(26,'Nyah Pfeffer','mabshire@example.com','954-361-2300',replace('63432 Janae Turnpike\nFrancobury, MS 11469','\n',char(10)),'South Benjamin','Delaware','70938','Djibouti','1970-08-01','bLSqVIy9Ti','other','Earum sed facilis accusantium. Id beatae quod dolorem velit perspiciatis. Et ducimus officia porro consequatur. Quo sint quo quis est.','1975-09-21','inactive','2024-09-20 21:12:15','2024-09-20 21:12:15');
INSERT INTO clients VALUES(27,'Westley Beer','lueilwitz.joanny@example.net','904.770.1156',replace('3621 Elinor Rue\nWoodrowmouth, NY 15677-8562','\n',char(10)),'Jaunitastad','New York','71066-8519','Kyrgyz Republic','1995-06-14','KuxPyJDtGN','other','Ratione quae earum minima sunt reprehenderit facilis. Aperiam voluptatibus ducimus ut et assumenda. Libero ut enim unde explicabo aut atque earum at. Repellendus quam exercitationem aut ea.','2018-08-17','inactive','2024-09-20 21:12:15','2024-09-20 21:12:15');
INSERT INTO clients VALUES(28,'Mr. Alvah Klocko MD','micaela.quitzon@example.com','+1-731-964-9502',replace('485 Cordell Mall Apt. 479\nWest Carolanneport, MN 75525-7690','\n',char(10)),'East Darwin','Georgia','53902','French Southern Territories','1973-04-05','us4meyHFyg','female','At deleniti quod sunt. Incidunt nesciunt eaque et. Assumenda ut et dicta numquam cupiditate dolor aperiam. Recusandae hic dolor et iusto optio eaque.','2010-02-09','inactive','2024-09-20 21:12:15','2024-09-20 21:12:15');
INSERT INTO clients VALUES(29,'Dr. Vernie Buckridge','kianna.mills@example.org','+18702865211',replace('4747 Oren Garden Apt. 711\nPort Fletcherchester, PA 85217-5867','\n',char(10)),'Brauntown','Wisconsin','27174','Kenya','2017-10-12','uNUJpZ3apn','male','Deleniti voluptatem eos consequatur. Nobis aspernatur laborum sequi vero provident quia. Ipsa iure recusandae sunt distinctio dignissimos fugit maxime.','1983-09-30','active','2024-09-20 21:12:15','2024-09-20 21:12:15');
INSERT INTO clients VALUES(30,'Nicola Moore','towne.chyna@example.net','680-609-9968',replace('769 Izabella Springs\nEast Joellestad, FL 90243-8409','\n',char(10)),'South Anjali','Arizona','79768-0746','Cook Islands','2022-03-07','Pz6l4BOLgm','female','Fugit quaerat saepe omnis vero. Aut repudiandae quo voluptatem temporibus culpa a. Autem qui et enim nulla esse voluptatibus aut. At repudiandae fuga quisquam voluptate occaecati est.','2015-10-20','active','2024-09-20 21:12:15','2024-09-20 21:12:15');
INSERT INTO clients VALUES(31,'Carmen Russel','pierre38@example.net','(986) 552-0885',replace('2987 Norberto Corners Suite 741\nWest Audrey, NE 92789-2752','\n',char(10)),'Jimmychester','Florida','92537','Greenland','1976-12-20','qtnV7eEQoC','other','Tempore minima ullam impedit repellat qui assumenda sed eaque. Iusto dignissimos ut non commodi fugiat minima iusto. Distinctio corporis non omnis alias omnis. Enim fugiat ducimus ut quas.','1982-07-29','inactive','2024-09-20 21:12:16','2024-09-20 21:12:16');
INSERT INTO clients VALUES(32,'Prof. Cecil Donnelly','dhaley@example.org','1-218-904-2168',replace('1074 Rolfson Estates Apt. 711\nLuettgenburgh, MS 33377','\n',char(10)),'South Alisamouth','Connecticut','23484-9355','Jamaica','1974-10-04','vtAESIXwZY','female','Id cumque sunt dolorum non error rerum. Reprehenderit porro maiores voluptatem eius. Velit error consequatur dolor autem rem. Voluptatem omnis ullam omnis rerum rerum.','2020-10-28','inactive','2024-09-20 21:12:16','2024-09-20 21:12:16');
INSERT INTO clients VALUES(33,'Roberta Huels','ysenger@example.net','949.707.2094',replace('8658 Zachary Meadow\nAlfredamouth, HI 94854','\n',char(10)),'West Adan','Indiana','33579-3756','Holy See (Vatican City State)','1984-08-15','nKPaKrcvhS','other','Sit totam assumenda ut et ut. Provident voluptates quia qui ut architecto beatae sed.','2013-11-04','inactive','2024-09-20 21:12:16','2024-09-20 21:12:16');
INSERT INTO clients VALUES(34,'Prof. Abbigail Robel PhD','istiedemann@example.net','(534) 893-5323',replace('7322 Veum Lodge Suite 175\nWest Jayda, WY 47553-8051','\n',char(10)),'Lake Adriennestad','Massachusetts','01329','Bouvet Island (Bouvetoya)','1990-08-26','dQGLKJNkFo','other','Consequatur quam officiis sunt. Porro reiciendis quis sequi ut mollitia aliquam. Quia commodi quo ex quam iusto magnam.','2015-07-16','inactive','2024-09-20 21:12:16','2024-09-20 21:12:16');
INSERT INTO clients VALUES(35,'Priscilla Senger','kaleigh74@example.org','1-207-598-9234',replace('96312 Juvenal Corner\nHalvorsonbury, GA 00959','\n',char(10)),'Jaylonbury','Louisiana','56780','French Guiana','2017-03-01','lZQwRmxyN0','male','Quia et placeat similique dolor. Non incidunt similique beatae qui. Sit veritatis dicta illo est omnis veritatis autem impedit.','1981-06-16','inactive','2024-09-20 21:12:16','2024-09-20 21:12:16');
INSERT INTO clients VALUES(36,'Alford Vandervort','norene.osinski@example.com','(516) 815-2624',replace('69500 Berge Plaza\nSouth Izabellafurt, VA 49702-7005','\n',char(10)),'North Bettyeburgh','Minnesota','05231-8398','Angola','2022-02-24','at7wbmqoON','male','Magnam doloremque in distinctio qui molestias porro distinctio eius. Ratione libero et quibusdam. Et eos quae et sapiente consequatur veritatis. Corrupti consequatur reprehenderit facilis soluta.','1977-10-23','inactive','2024-09-20 21:12:16','2024-09-20 21:12:16');
INSERT INTO clients VALUES(37,'Kieran Hermiston','tvolkman@example.com','1-479-489-1536',replace('2076 West Rest Suite 045\nPort Tobyside, KS 37055','\n',char(10)),'Port Odell','Georgia','35646','Mali','2020-05-06','uKFWYYBYJF','male','Itaque iusto quibusdam qui odit nisi molestias blanditiis. Consequatur dolorem velit itaque temporibus possimus ea itaque maxime. At distinctio ea consequatur ut velit. Debitis rerum soluta voluptate quos quidem non.','2024-09-15','inactive','2024-09-20 21:12:16','2024-09-20 21:12:16');
INSERT INTO clients VALUES(38,'Cory Kunde','omari.parker@example.com','445.542.0412',replace('49129 Brendon Inlet\nLake Edwardobury, WV 80078-7882','\n',char(10)),'East Tanya','Illinois','33411-5361','Haiti','2007-04-11','zjezsUc8IU','female','Sint atque ut voluptatibus autem voluptas asperiores. Soluta fugiat deleniti laudantium animi dolorem ut delectus quis. Veritatis id impedit ut et eum.','1994-10-31','inactive','2024-09-20 21:12:16','2024-09-20 21:12:16');
INSERT INTO clients VALUES(39,'Vesta Goodwin','schmitt.cassie@example.net','608.232.9626',replace('5341 Dena Tunnel Apt. 648\nNew Preston, MS 76289-3452','\n',char(10)),'Schillerchester','Arizona','29912-8712','French Southern Territories','2011-04-18','nwlZgqMAF5','male','Et enim necessitatibus et. Quisquam commodi sint consequuntur commodi esse sequi. Quae ea aut quas nam pariatur iste odit.','1982-07-23','inactive','2024-09-20 21:12:16','2024-09-20 21:12:16');
INSERT INTO clients VALUES(40,'Willow Cronin','ycollins@example.com','+1-269-740-2244',replace('64241 Demarcus Spring\nNew Leonardo, MA 07375','\n',char(10)),'South Cassidy','Georgia','52736','China','2019-07-23','4dlCiAI8uG','male','Minima et modi quia laboriosam qui provident totam. Quae voluptatem culpa ut rerum fuga. Assumenda natus similique nesciunt deserunt molestiae nostrum veritatis. Dicta earum corporis odit voluptas et eum repellendus.','1987-12-23','inactive','2024-09-20 21:12:16','2024-09-20 21:12:16');
INSERT INTO clients VALUES(41,'Dr. Eileen Schaefer','kuhn.dudley@example.net','661.351.2290',replace('41500 Harris Meadow Apt. 091\nIrmaview, NM 40148-7609','\n',char(10)),'East Abbey','South Carolina','77835','United Arab Emirates','2010-11-01','3y0Prgcyrd','male','Magni quasi vitae porro sit debitis. Sed qui earum asperiores qui. Ducimus minus possimus molestias rem sint et. Soluta enim omnis blanditiis numquam labore.','2009-05-18','inactive','2024-09-20 21:12:16','2024-09-20 21:12:16');
INSERT INTO clients VALUES(42,'Ms. Natalia Bashirian','ivy.upton@example.com','+18383540031',replace('162 Chelsie Unions\nNew Arturo, AL 01884-8372','\n',char(10)),'Kuhnside','Kansas','66930','Andorra','2019-03-31','5IsPZkWJEb','female','Iste velit et voluptatum dolor qui perferendis. Qui quia et rerum ipsa aut et perspiciatis velit. Id natus voluptatem eligendi illo aperiam earum beatae aut.','1970-11-10','active','2024-09-20 21:12:16','2024-09-20 21:12:16');
INSERT INTO clients VALUES(43,'Ellie Zieme','kernser@example.net','+15412434892',replace('45295 Petra Springs Apt. 587\nNew Jeremychester, KY 11462-7367','\n',char(10)),'Deckowside','Massachusetts','80030-3768','Chile','1978-02-16','9AsFvHvDf3','other','Quidem dignissimos sunt et quos. Eveniet assumenda modi incidunt iste voluptatem. Sed ratione consequatur quaerat quia exercitationem numquam exercitationem.','2017-08-25','active','2024-09-20 21:12:16','2024-09-20 21:12:16');
INSERT INTO clients VALUES(44,'Reese Kling II','maddison15@example.net','1-770-637-4512',replace('966 Mills Ford Suite 941\nNorth Maryseland, WI 67831','\n',char(10)),'Lake Kristina','Utah','37309','Jersey','1986-04-29','9nYk43rHKD','male','Repellendus non praesentium iure est facere optio illum. Ipsam ipsam sunt est eum quia. Asperiores aut est consequatur voluptas.','2009-10-14','active','2024-09-20 21:12:16','2024-09-20 21:12:16');
INSERT INTO clients VALUES(45,'Nova Denesik','nswaniawski@example.net','1-445-307-8620',replace('97424 Nicholaus Vista\nNorth Marilynetown, UT 84867-7631','\n',char(10)),'New Sethburgh','Georgia','44213','Maldives','1988-08-14','brNH0cTqm7','female','Rerum tempora nobis eum id quidem quae quas. Aut aut ut dolores. Pariatur velit est ab tempora. Quia modi qui occaecati occaecati quidem est. Ipsum voluptas quo illo sint et.','1996-12-14','inactive','2024-09-20 21:12:16','2024-09-20 21:12:16');
INSERT INTO clients VALUES(46,'Dr. Carey Hammes V','grace.wisozk@example.org','203.669.9645',replace('9003 Pamela Street Apt. 499\nWest Ravenview, OK 56008-1173','\n',char(10)),'North Americaport','Wisconsin','60876-6820','Guernsey','1989-06-26','fVpsCiObKu','female','Sint ipsa qui distinctio repellendus et animi. Vero et cum expedita consequatur ut ex enim. Est sunt doloremque odio amet dolore quam.','2020-03-18','inactive','2024-09-20 21:12:16','2024-09-20 21:12:16');
INSERT INTO clients VALUES(47,'Mr. Theron Miller DVM','leslie30@example.net','770-738-5861',replace('85993 Beahan Pine\nQuitzonfort, MS 48713','\n',char(10)),'Aydenton','Georgia','16439','Slovenia','2013-08-27','tfGGxIx0Hz','male','Tempora rerum molestias reprehenderit. Expedita eos qui qui nihil debitis at consectetur. Corrupti est provident et accusamus et voluptate. Ipsum quis iusto reprehenderit nesciunt.','2017-02-28','inactive','2024-09-20 21:12:16','2024-09-20 21:12:16');
INSERT INTO clients VALUES(48,'Jettie Kuphal','clara06@example.com','+1-657-477-4728',replace('22474 Norberto Divide\nPort Bernieceburgh, CT 69262','\n',char(10)),'South Nayeli','New Jersey','67432','South Africa','2008-12-02','q6rqF3GkMK','other','Est omnis qui vitae laborum laboriosam. Sunt non voluptatem dolore sunt voluptatem sit. Dolorem fugit similique dolore ipsa sit maiores quaerat. Omnis inventore expedita est a quod similique quo.','1971-08-08','inactive','2024-09-20 21:12:16','2024-09-20 21:12:16');
INSERT INTO clients VALUES(49,'Mrs. Avis Kiehn','vkuhic@example.org','1-772-884-5467',replace('55320 Mona Flat Suite 065\nLuigiview, FL 87666-4854','\n',char(10)),'Manntown','Connecticut','63321-6295','Liechtenstein','1970-07-03','IZ7jyww9iz','male','Quos quidem alias molestias et. Non laudantium aut vel incidunt placeat doloremque qui nihil.','1976-03-08','active','2024-09-20 21:12:16','2024-09-20 21:12:16');
INSERT INTO clients VALUES(50,'Gerard Fritsch','iva.erdman@example.com','321.465.9976',replace('767 O''Conner Cove\nPort Ginamouth, WV 56249','\n',char(10)),'South Dejaville','Washington','81168-1930','Guinea','1999-07-28','NYkHy45Vxe','other','Aut neque porro maiores nihil. Perspiciatis et enim recusandae quo. Aut odit aut saepe. Enim possimus sed fugiat voluptatem nam.','2024-08-20','inactive','2024-09-20 21:12:16','2024-09-20 21:12:16');
INSERT INTO clients VALUES(51,'Lonnie Hahn MD','kertzmann.anderson@example.com','283.982.7917',replace('169 Kutch Brook Apt. 483\nNorth Donatotown, IL 30807','\n',char(10)),'Port Sarina','Louisiana','60196-4258','Maldives','1989-01-02','UQ6hvdAfmg','female','Pariatur quis doloremque sequi est. Dicta quibusdam autem harum delectus. Pariatur aliquam qui dolorem perferendis omnis distinctio. Id quis reiciendis qui voluptatem hic sed.','2005-10-23','active','2024-09-20 21:12:16','2024-09-20 21:12:16');
INSERT INTO clients VALUES(52,'Cathryn Vandervort','daugherty.grover@example.org','1-210-618-7054',replace('536 Heaney Road\nLake Stuartmouth, MA 61242-9709','\n',char(10)),'North Brantchester','Wyoming','32767','Switzerland','1985-03-28','10v0IdoFAB','female','Quod necessitatibus omnis itaque quaerat quod qui odit similique. Dolorem nisi rerum reiciendis omnis sed repellendus. Molestias quasi id adipisci atque sint enim.','2020-11-02','active','2024-09-20 21:12:16','2024-09-20 21:12:16');
INSERT INTO clients VALUES(53,'Courtney O''Connell II','ubaldo.lindgren@example.com','631-465-1931',replace('221 Nora Cliffs Apt. 499\nLennieside, OR 67479-9511','\n',char(10)),'Altenwerthhaven','Louisiana','84478','Lesotho','2023-08-10','SuWVmM7WQz','other','Modi quo dolorem alias. Numquam officiis quia iure porro unde facilis sed. In numquam consequatur repudiandae sequi quibusdam ut.','1991-06-28','inactive','2024-09-20 21:12:16','2024-09-20 21:12:16');
INSERT INTO clients VALUES(54,'Cooper Gaylord','pascale06@example.org','+1 (212) 666-3950',replace('3132 Tyson Canyon\nSouth Carlos, VT 82776-9338','\n',char(10)),'East Melanystad','Nebraska','83230-1600','Canada','1992-10-17','CGERPZVUmO','other','Eaque vitae perspiciatis vel debitis quibusdam autem voluptates. Qui ut nesciunt sunt perferendis. Enim et iusto deserunt.','1976-12-23','active','2024-09-20 21:12:16','2024-09-20 21:12:16');
INSERT INTO clients VALUES(55,'Jeffry Krajcik DDS','adriana39@example.com','+1-909-352-3591',replace('28876 Moises Island Suite 638\nLake Rubystad, VA 45114-1161','\n',char(10)),'Lake Michaela','New Hampshire','15553-4831','Cuba','1980-02-10','OhpPJvDNx9','other','Debitis ipsum perferendis sint laborum rem. Odit non tenetur eius non non libero nulla. Et eos qui aut quia amet.','2002-12-08','active','2024-09-20 21:12:16','2024-09-20 21:12:16');
INSERT INTO clients VALUES(56,'Harvey Murray','lindsey.green@example.org','(629) 771-3101',replace('572 Cruickshank Mill\nMurazikside, WV 65509-2902','\n',char(10)),'Deonteside','Washington','10730','Kuwait','1999-07-10','DlgNCjxo3L','male','Vel consectetur voluptatem nemo velit. Similique sit rerum qui voluptate ea deleniti perferendis ab. Inventore qui quod quod odit id iste rerum et.','2019-06-01','active','2024-09-20 21:12:16','2024-09-20 21:12:16');
INSERT INTO clients VALUES(57,'Dr. Vaughn Wolff','pjacobson@example.org','(678) 848-2674',replace('525 Dicki Gateway\nNew Dannyburgh, MI 31773','\n',char(10)),'East Emmaleeton','South Dakota','14282-2862','South Africa','2011-11-03','37PjbEjFWM','other','Asperiores quaerat expedita dolore. Impedit nemo ducimus qui ipsam ipsa aut. Ab accusamus in minus suscipit sequi.','2007-11-12','inactive','2024-09-20 21:12:16','2024-09-20 21:12:16');
INSERT INTO clients VALUES(58,'Prof. Alvis Stoltenberg PhD','xwitting@example.com','(478) 669-2056',replace('16084 Icie Isle Suite 177\nJoanneside, MS 95887','\n',char(10)),'South Ceceliaberg','Oklahoma','38601-5097','Uganda','2020-09-16','ah4J3yRA3I','other','Sint ipsum perferendis dolorem alias. Et ipsum voluptatum et dolorem soluta similique. Sit deleniti iste est dolorem.','1982-06-17','active','2024-09-20 21:12:16','2024-09-20 21:12:16');
INSERT INTO clients VALUES(59,'Deshawn Reichel','freida87@example.net','732-476-4948',replace('981 Henri Flat\nPort Rozella, RI 43823','\n',char(10)),'Sylvesterbury','Mississippi','74403-5916','Korea','2008-07-24','lko8qGmCW2','male','Ut quia nesciunt molestiae deserunt. Optio autem dolorem est quam. Dolor consequatur eligendi sequi beatae. Et doloribus illo rerum dignissimos.','2016-02-20','active','2024-09-20 21:12:16','2024-09-20 21:12:16');
INSERT INTO clients VALUES(60,'Madisyn Nienow','vkerluke@example.com','+1-754-690-4317',replace('61957 Amari Drives\nChynamouth, SC 97779','\n',char(10)),'Collinsview','Maryland','96121-2195','Faroe Islands','2022-10-08','XjN2Gg308t','male','Non veritatis eum officiis harum adipisci officia. Optio perspiciatis eaque labore eligendi et sed. Saepe quibusdam iste nemo voluptas nostrum.','1988-09-04','active','2024-09-20 21:12:16','2024-09-20 21:12:16');
INSERT INTO clients VALUES(61,'Murphy Emard Jr.','alayna61@example.com','+1.308.675.2584',replace('37306 Dorthy Coves Suite 253\nEast Angelitabury, LA 86694','\n',char(10)),'Schuppetown','South Carolina','83250-3474','Senegal','1971-01-19','IIGKm6w31D','other','Qui quae laborum laudantium ut veritatis ducimus. Repudiandae voluptatem aperiam laboriosam maiores neque voluptatem natus. Deleniti reiciendis inventore quisquam.','2001-09-03','inactive','2024-09-20 21:12:16','2024-09-20 21:12:16');
INSERT INTO clients VALUES(62,'Kasey Hane','dmetz@example.net','+18435268922',replace('1773 Skiles Drives Apt. 058\nNew Aldaport, UT 02479','\n',char(10)),'West Krystal','Maryland','27170-0999','Gambia','2002-08-18','SCh79ybnzH','male','Asperiores distinctio et laudantium et. Ut earum officia qui quia. Voluptas odit ipsum voluptates assumenda tenetur in consequuntur.','1981-02-21','inactive','2024-09-20 21:12:16','2024-09-20 21:12:16');
INSERT INTO clients VALUES(63,'Miss Dorothy Leuschke I','leonel18@example.com','+16897862214',replace('855 Gottlieb Ports\nPort Asiatown, VA 15810','\n',char(10)),'Velvafurt','North Dakota','94760-4577','San Marino','1987-12-31','ohnSeXiRyF','other','Sit recusandae autem neque sed similique voluptates. Esse voluptates consectetur facere iste.','1989-01-06','active','2024-09-20 21:12:16','2024-09-20 21:12:16');
INSERT INTO clients VALUES(64,'Genesis Paucek','ylindgren@example.net','231-921-5186',replace('4806 Hand Mills\nImeldaport, KS 00843','\n',char(10)),'Port Adrielmouth','New York','91910','Somalia','1992-06-16','iwdcHNfAIf','other','Accusamus aut hic debitis libero dicta. Excepturi ea aut aut sunt. Accusamus dolore natus sequi perferendis nihil inventore cupiditate. Aut qui repudiandae est facere eum.','1997-05-20','active','2024-09-20 21:12:16','2024-09-20 21:12:16');
INSERT INTO clients VALUES(65,'Jovani Watsica','patrick.ondricka@example.org','+1-774-652-5747',replace('97128 Royal Mountains Apt. 947\nLake Karelleberg, CO 53851-2348','\n',char(10)),'North Isadoreport','South Carolina','15553','Liechtenstein','2006-02-10','XiQot55r3w','other','In cupiditate similique qui dolores natus accusantium. Non reprehenderit labore vero facere. Odit voluptatibus quae aspernatur sunt. Voluptatem maxime dolore quaerat aut ratione quas voluptas.','2011-03-24','active','2024-09-20 21:12:16','2024-09-20 21:12:16');
INSERT INTO clients VALUES(66,'Miss Brandi Kutch II','zkemmer@example.com','1-425-697-5771',replace('409 Lowell Hill\nBoehmburgh, WY 96301-5434','\n',char(10)),'East Chanelle','North Carolina','02688-5967','Andorra','2006-03-09','yRiQzdaJPa','male','Quas maxime adipisci sunt enim soluta ea magnam. Reprehenderit soluta aliquam aut doloremque natus. Quo sunt deserunt nihil cupiditate enim qui veniam.','1980-10-11','inactive','2024-09-20 21:12:16','2024-09-20 21:12:16');
INSERT INTO clients VALUES(67,'Mrs. Elena Feest','christiansen.horace@example.net','(283) 554-1771',replace('29025 Emard Plains Suite 202\nNorth Santinoside, WA 09110','\n',char(10)),'Tremblaychester','Arkansas','30022','Sao Tome and Principe','2007-01-06','yLFH03jdIE','other','Voluptatem vel assumenda nihil corporis velit quam inventore sed. Itaque velit id culpa nulla quam. Fuga magnam quasi quae unde perspiciatis voluptates quasi et.','1983-11-12','inactive','2024-09-20 21:12:16','2024-09-20 21:12:16');
INSERT INTO clients VALUES(68,'Justine Blick Jr.','brooks.macejkovic@example.net','1-575-984-0535',replace('600 Franecki Forest\nWest Shannyfort, CA 40309-1424','\n',char(10)),'Freddieburgh','New Jersey','40505-6756','Chad','2018-09-15','ntuxZHalp1','other','Quidem et hic saepe quis nisi culpa. Non magni qui ipsa nobis voluptas asperiores quam. Facilis beatae sint quia. Excepturi asperiores nemo molestias ipsam.','2007-11-06','active','2024-09-20 21:12:16','2024-09-20 21:12:16');
INSERT INTO clients VALUES(69,'Carole Schuppe V','elliot39@example.net','+13107830160',replace('2903 Sebastian Valleys\nNew Camylle, ID 85385','\n',char(10)),'Pfefferstad','Vermont','41251-6435','Bangladesh','1991-03-22','Vmsm8bunHw','male','Corporis hic natus cum eius voluptatem voluptates eveniet. Explicabo atque quod et et ut quibusdam dolores. Impedit ipsam quis autem itaque quis incidunt est pariatur.','1998-10-08','active','2024-09-20 21:12:16','2024-09-20 21:12:16');
INSERT INTO clients VALUES(70,'Warren Rau','kelton.toy@example.com','+19785971389',replace('52866 Casper Canyon\nMetzhaven, OK 22581-8085','\n',char(10)),'Uptonport','Idaho','60900-5851','Australia','1973-01-26','r0LpTbmjhN','male','Ex aliquam consectetur est occaecati ut eum quidem. Quibusdam iure natus autem et. Nihil nisi voluptatem et eum et dignissimos.','1995-07-08','inactive','2024-09-20 21:12:16','2024-09-20 21:12:16');
INSERT INTO clients VALUES(71,'Cary Dare','agustin09@example.org','1-615-305-4890',replace('478 Roel Shore\nKylieside, MT 34128','\n',char(10)),'New Reva','Louisiana','32079-6954','Zimbabwe','2019-06-19','uvIv2Xb2y0','female','Omnis id magnam dolor veniam quia rem hic ab. Nesciunt eos commodi rem enim necessitatibus error dignissimos. Harum doloremque ea odio in iste reiciendis quaerat. Sed modi aliquid ea est. Consectetur et fugiat soluta eius quia tempore.','1975-12-03','inactive','2024-09-20 21:12:16','2024-09-20 21:12:16');
INSERT INTO clients VALUES(72,'Bettye Rogahn PhD','kenton68@example.net','838.648.7020',replace('1496 Crist Green Apt. 283\nFaheyberg, ND 61198','\n',char(10)),'Tillmanland','New York','34958-7143','Greece','1972-07-22','84kQJ3eIXw','female','Quisquam modi laudantium aliquid doloribus doloribus dolores. Quia qui quo corrupti culpa iure. Impedit voluptates vel dolore cum doloremque omnis. Reiciendis necessitatibus est quo quam sunt et sapiente.','2014-08-17','inactive','2024-09-20 21:12:16','2024-09-20 21:12:16');
INSERT INTO clients VALUES(73,'Berniece Ebert','mariela31@example.org','1-681-542-0950',replace('37266 Julien Parks\nStammhaven, OK 43820-4368','\n',char(10)),'North Rainaville','Michigan','00124-6393','Togo','2024-01-13','wttPCchdCJ','female','Expedita occaecati nesciunt ab laboriosam quo. Sapiente et et quis consectetur. Beatae qui consectetur similique laborum voluptatem. Est repudiandae commodi eum tenetur provident.','2014-05-26','inactive','2024-09-20 21:12:16','2024-09-20 21:12:16');
INSERT INTO clients VALUES(74,'Arnoldo Braun DDS','renner.anna@example.org','+13855297910',replace('2033 Jamarcus Parkway\nWest Lindsay, MT 86179-3602','\n',char(10)),'Susanmouth','Kentucky','67903-1582','Saint Pierre and Miquelon','1978-03-23','ERpVJwkcyy','female','Voluptas eveniet qui sint est velit accusantium nam. Libero est ipsum cumque quas sapiente officiis dolorem. Labore et molestiae cumque dicta. Voluptatem atque molestiae quas et laudantium et.','2021-06-14','active','2024-09-20 21:12:16','2024-09-20 21:12:16');
INSERT INTO clients VALUES(75,'Jonas Hayes','mohammed.crona@example.org','1-925-705-7529',replace('26527 Marlee Highway\nDesmondton, OH 59036-9204','\n',char(10)),'Port Katelyn','Tennessee','24443','Netherlands','1975-11-25','20P0An4gGu','other','Ab neque perferendis voluptatem fugiat voluptatum et ipsa necessitatibus. Vel accusamus earum quia unde.','1971-09-28','active','2024-09-20 21:12:16','2024-09-20 21:12:16');
INSERT INTO clients VALUES(76,'Anibal Moen','lakin.emile@example.org','+1-269-865-8505',replace('40046 Heidenreich Shoal\nPort Korbin, ME 60086-3864','\n',char(10)),'Botsfordton','Montana','07688-3383','Guernsey','1994-07-09','2gnbIm9nAv','male','A voluptatum ut iure. Qui soluta delectus ullam. Deserunt consectetur omnis dolorem fugit consequatur. Eligendi aut iure natus hic quia omnis fugiat.','1977-03-01','inactive','2024-09-20 21:12:16','2024-09-20 21:12:16');
INSERT INTO clients VALUES(77,'Mr. Ken Harvey','emilie.satterfield@example.net','1-361-921-8131',replace('343 Adriel Squares Suite 275\nLockmantown, KY 17361-8334','\n',char(10)),'Spencerhaven','North Carolina','49642','Saint Pierre and Miquelon','2000-11-21','lVWqx85Wle','female','Vel et soluta exercitationem. Veritatis atque veritatis rerum. Molestiae explicabo ipsum sint aliquam veritatis ipsum. Suscipit facilis maxime sit fugit pariatur maiores.','2008-04-07','inactive','2024-09-20 21:12:16','2024-09-20 21:12:16');
INSERT INTO clients VALUES(78,'Garfield Kunze','jdoyle@example.org','1-516-462-7184',replace('394 Quinten Fort\nNorth Enolaside, MN 80516','\n',char(10)),'West Holliebury','New Mexico','09240-4589','Lao People''s Democratic Republic','1996-09-27','vDpoJz5jsY','male','Libero et quam nihil et consequuntur vel. Ut quia aperiam ut quidem corrupti vel sequi. Illo earum quia veniam.','1984-04-28','inactive','2024-09-20 21:12:16','2024-09-20 21:12:16');
INSERT INTO clients VALUES(79,'Miss Flossie Heaney','anissa15@example.org','412.215.9951',replace('8513 Leland View\nDurwardberg, IL 33491-8490','\n',char(10)),'East Serenaborough','Texas','01833','Rwanda','2004-11-12','fvJVMqqtJs','other','Corrupti voluptate sunt possimus illum molestiae non non. Corporis et qui asperiores eaque. Placeat sed consectetur recusandae occaecati eum reiciendis architecto. Voluptatem qui vitae veritatis porro.','1996-01-25','inactive','2024-09-20 21:12:16','2024-09-20 21:12:16');
INSERT INTO clients VALUES(80,'Katrina McGlynn','kbeer@example.com','+1-862-448-0396',replace('2978 Reinger Trail\nKochton, ND 12506-7357','\n',char(10)),'Schowaltershire','Mississippi','73290-5946','Cape Verde','2010-01-14','hccREtmWGr','other','Nihil voluptatem pariatur voluptatem in tenetur. Ipsa consectetur quidem a dolor voluptas. Ea est in consequatur iure. Exercitationem recusandae tenetur deleniti.','2023-09-01','active','2024-09-20 21:12:16','2024-09-20 21:12:16');
INSERT INTO clients VALUES(81,'pepito perez','pepito@pepito.com','31209019209','jajajjajaj','232323',NULL,NULL,NULL,NULL,'999829898',NULL,NULL,NULL,'active','2024-09-23 15:30:28','2024-09-23 15:32:34');
CREATE TABLE IF NOT EXISTS "products" ("id" integer primary key autoincrement not null, "nameProduct" varchar not null, "description" text, "price" numeric not null, "costo_produccion" numeric not null, "costoProduccionExtra" numeric, "costoExterno" numeric, "status" varchar check ("status" in ('Activo', 'Inactivo')) not null default 'Activo', "category_id" integer not null, "created_at" datetime, "updated_at" datetime, foreign key("category_id") references "categories"("id") on delete cascade);
INSERT INTO products VALUES(1,'Manley Ward','Animi non qui et autem voluptatem qui.',77.510000000000005117,9042,6239,3011,'Activo',61,'2024-09-20 21:12:17','2024-09-20 21:12:17');
INSERT INTO products VALUES(2,'Breanna Raynor','Natus ipsum optio ut.',4.6699999999999999289,5975,3705,3764,'Activo',61,'2024-09-20 21:12:17','2024-09-20 21:12:17');
INSERT INTO products VALUES(3,'Magali Koss','Sapiente doloribus odit voluptas nulla perferendis nihil aspernatur.',93.090000000000003412,3182,8904,7761,'Activo',61,'2024-09-20 21:12:17','2024-09-20 21:12:17');
INSERT INTO products VALUES(4,'Sibyl Steuber','Molestiae eaque explicabo sequi voluptatem quidem ut.',44.549999999999997158,4483,7681,8272,'Activo',61,'2024-09-20 21:12:17','2024-09-20 21:12:17');
INSERT INTO products VALUES(5,'Prof. Kelsi Koelpin','Quo assumenda nisi est dicta excepturi ut officiis.',93.430000000000006819,8975,4375,8537,'Activo',61,'2024-09-20 21:12:17','2024-09-20 21:12:17');
INSERT INTO products VALUES(6,'Reginald Kozey','Voluptas fugiat deserunt explicabo labore et dolorem.',65.609999999999999431,5710,8850,4102,'Activo',61,'2024-09-20 21:12:17','2024-09-20 21:12:17');
INSERT INTO products VALUES(7,'Beth Witting DVM','Facilis nihil aut et est.',86.760000000000005119,3507,8046,5016,'Activo',61,'2024-09-20 21:12:17','2024-09-20 21:12:17');
INSERT INTO products VALUES(8,'Muhammad Bayer Jr.','Omnis ea omnis reiciendis dignissimos fugit.',22.120000000000000993,8990,7279,8167,'Activo',61,'2024-09-20 21:12:17','2024-09-20 21:12:17');
INSERT INTO products VALUES(9,'Prof. Ocie Feest','Sed dolorem enim eveniet non fugit eum recusandae.',10.820000000000000283,9670,5614,4742,'Activo',61,'2024-09-20 21:12:17','2024-09-20 21:12:17');
INSERT INTO products VALUES(10,'Emilie Hamill','Minima magni numquam dolorum autem ut quod rem et.',42.100000000000001422,8367,6921,4310,'Activo',61,'2024-09-20 21:12:17','2024-09-20 21:12:17');
INSERT INTO products VALUES(11,'Cecilia Fritsch','Modi eos distinctio magni vel aut.',53.990000000000001991,3447,3776,5615,'Activo',61,'2024-09-20 21:12:17','2024-09-20 21:12:17');
INSERT INTO products VALUES(12,'Jo Cummerata','Nihil dolor similique consequuntur quibusdam error nisi occaecati.',30.789999999999999146,5939,7021,9636,'Activo',61,'2024-09-20 21:12:17','2024-09-20 21:12:17');
INSERT INTO products VALUES(13,'Eusebio Schmeler','Nesciunt aut in debitis qui dolores ut.',30.499999999999999999,4841,7229,4839,'Activo',61,'2024-09-20 21:12:17','2024-09-20 21:12:17');
INSERT INTO products VALUES(14,'Favian Hartmann','Laboriosam tenetur eligendi incidunt et.',38.25999999999999801,7787,4082,8345,'Activo',61,'2024-09-20 21:12:17','2024-09-20 21:12:17');
INSERT INTO products VALUES(15,'Mr. Domenick Hegmann V','Quia earum placeat est explicabo consequatur.',78.319999999999993177,3357,6606,8435,'Activo',61,'2024-09-20 21:12:17','2024-09-20 21:12:17');
INSERT INTO products VALUES(16,'Fabiola Renner','Corporis quam veniam id laboriosam.',96.849999999999994313,8078,4941,6888,'Activo',62,'2024-09-20 21:12:17','2024-09-20 21:12:17');
INSERT INTO products VALUES(17,'Maudie Sawayn Sr.','Omnis non sequi culpa dolorum ut nulla.',95.760000000000005115,9679,8007,6706,'Activo',62,'2024-09-20 21:12:17','2024-09-20 21:12:17');
INSERT INTO products VALUES(18,'Vernice Jacobson','Impedit soluta est ea laborum.',64.189999999999997727,8514,6879,6319,'Activo',62,'2024-09-20 21:12:17','2024-09-20 21:12:17');
INSERT INTO products VALUES(19,'Gilbert Hahn DDS','Et omnis eligendi veritatis sed.',44.359999999999999431,6417,8112,5395,'Activo',62,'2024-09-20 21:12:17','2024-09-20 21:12:17');
INSERT INTO products VALUES(20,'Lacy Berge','Consequatur ut dolorem dolor voluptatibus ex qui.',24.859999999999999431,9846,4299,7760,'Activo',62,'2024-09-20 21:12:17','2024-09-20 21:12:17');
INSERT INTO products VALUES(21,'Hillary Moore','Aut saepe odio exercitationem explicabo sequi soluta dolorum a.',30.35999999999999943,9731,8118,6718,'Activo',62,'2024-09-20 21:12:18','2024-09-20 21:12:18');
INSERT INTO products VALUES(22,'Torrance Prosacco','Consequatur molestias eum quae nam corporis iusto veniam animi.',14.439999999999999502,5116,5269,3824,'Activo',62,'2024-09-20 21:12:18','2024-09-20 21:12:18');
INSERT INTO products VALUES(23,'Julianne Tremblay V','Autem velit omnis reiciendis eum pariatur voluptatem nostrum.',43.700000000000002843,7447,9597,5792,'Activo',62,'2024-09-20 21:12:18','2024-09-20 21:12:18');
INSERT INTO products VALUES(24,'Jane Pouros','Voluptas ut culpa magni est perferendis nesciunt alias.',32.090000000000003411,7163,5133,8483,'Activo',62,'2024-09-20 21:12:18','2024-09-20 21:12:18');
INSERT INTO products VALUES(25,'Brittany Mayer','Corporis labore sunt sed reiciendis maiores.',52.140000000000000569,6655,6952,7973,'Activo',62,'2024-09-20 21:12:18','2024-09-20 21:12:18');
INSERT INTO products VALUES(26,'Reanna Kihn','Nesciunt maiores dolor consequatur accusamus numquam explicabo in et.',15.339999999999999857,4391,5308,3833,'Activo',62,'2024-09-20 21:12:18','2024-09-20 21:12:18');
INSERT INTO products VALUES(27,'Kasandra Stehr DDS','Quis in debitis deserunt.',6.3200000000000002842,5023,4766,7127,'Activo',62,'2024-09-20 21:12:18','2024-09-20 21:12:18');
INSERT INTO products VALUES(28,'Prof. Mustafa Johnson','Libero iure consequatur sit vero animi.',18.129999999999999005,5737,3478,9575,'Activo',62,'2024-09-20 21:12:18','2024-09-20 21:12:18');
INSERT INTO products VALUES(29,'Alana Jaskolski','Nesciunt assumenda sed ipsa temporibus quas qui debitis.',87.510000000000005117,9191,6932,8363,'Activo',62,'2024-09-20 21:12:18','2024-09-20 21:12:18');
INSERT INTO products VALUES(30,'Branson Mosciski','Rerum et omnis quam eaque explicabo nesciunt.',32.950000000000002841,3682,3342,8996,'Activo',62,'2024-09-20 21:12:18','2024-09-20 21:12:18');
INSERT INTO products VALUES(31,'Myra Rolfson III','Hic in beatae possimus quisquam rerum molestiae.',9.8200000000000002842,5877,8855,3629,'Activo',63,'2024-09-20 21:12:18','2024-09-20 21:12:18');
INSERT INTO products VALUES(32,'Kiera Schneider I','Quis rerum omnis aut.',52.789999999999999147,9586,3458,9062,'Activo',63,'2024-09-20 21:12:18','2024-09-20 21:12:18');
INSERT INTO products VALUES(33,'Arlie Langosh','Qui quibusdam fugiat explicabo rerum voluptatibus eveniet sed.',1.8200000000000000621,5317,8094,4597,'Activo',63,'2024-09-20 21:12:18','2024-09-20 21:12:18');
INSERT INTO products VALUES(34,'Laury Hilpert','Qui incidunt incidunt dolores at sequi non maiores.',59.390000000000000568,3752,5052,9850,'Activo',63,'2024-09-20 21:12:18','2024-09-20 21:12:18');
INSERT INTO products VALUES(35,'Cletus Erdman III','Exercitationem dolorem et est veniam architecto culpa quibusdam.',80.20000000000000284,4869,4268,5010,'Activo',63,'2024-09-20 21:12:18','2024-09-20 21:12:18');
INSERT INTO products VALUES(36,'Mr. Jeremie Purdy Sr.','Ut facilis est earum atque.',6.3399999999999998578,7219,6402,4144,'Activo',63,'2024-09-20 21:12:18','2024-09-20 21:12:18');
INSERT INTO products VALUES(37,'Aniyah Haag','Provident sunt ab corporis dolor magni iste.',81,7840,9637,3739,'Activo',63,'2024-09-20 21:12:18','2024-09-20 21:12:18');
INSERT INTO products VALUES(38,'Prof. Serena VonRueden II','Quaerat omnis ullam quo et sed quod ad.',61.25,7001,8199,8213,'Activo',63,'2024-09-20 21:12:18','2024-09-20 21:12:18');
INSERT INTO products VALUES(39,'Keara Cole V','Quo adipisci ut id architecto explicabo suscipit.',53.119999999999997441,3086,8873,5620,'Activo',63,'2024-09-20 21:12:18','2024-09-20 21:12:18');
INSERT INTO products VALUES(40,'Marjolaine Emmerich II','Recusandae praesentium debitis reprehenderit repellendus.',34.329999999999998294,7775,8367,9226,'Activo',63,'2024-09-20 21:12:18','2024-09-20 21:12:18');
INSERT INTO products VALUES(41,'Jan Runolfsson','Consequatur quidem officia sint ex.',25.920000000000001706,8751,8878,8762,'Activo',63,'2024-09-20 21:12:18','2024-09-20 21:12:18');
INSERT INTO products VALUES(42,'Niko Terry PhD','Voluptatum illum et aliquid ea laborum.',45.10000000000000142,8092,5024,7235,'Activo',63,'2024-09-20 21:12:18','2024-09-20 21:12:18');
INSERT INTO products VALUES(43,'Emmanuelle Gleichner','Rerum ab sint laborum.',35.390000000000000567,6454,4484,4900,'Activo',63,'2024-09-20 21:12:18','2024-09-20 21:12:18');
INSERT INTO products VALUES(44,'Wilber Goldner','Voluptatibus autem voluptates illo nemo dicta optio sint.',32.890000000000000567,4353,6971,3353,'Activo',63,'2024-09-20 21:12:18','2024-09-20 21:12:18');
INSERT INTO products VALUES(45,'Mr. Dave Swift','Modi quibusdam quidem inventore sint.',38.359999999999999432,3240,5306,5842,'Activo',63,'2024-09-20 21:12:18','2024-09-20 21:12:18');
INSERT INTO products VALUES(46,'Octavia Wolff','Qui veniam quo facilis placeat aliquid voluptatum.',65.489999999999994884,6167,5096,9568,'Activo',64,'2024-09-20 21:12:18','2024-09-20 21:12:18');
INSERT INTO products VALUES(47,'Shanny Rogahn','Neque dolore qui incidunt corporis.',35.35999999999999943,9765,4344,7428,'Activo',64,'2024-09-20 21:12:18','2024-09-20 21:12:18');
INSERT INTO products VALUES(48,'Ms. Mara Pouros V','Quasi quam et eaque laudantium et assumenda.',43.329999999999998295,6527,5856,7076,'Activo',64,'2024-09-20 21:12:18','2024-09-20 21:12:18');
INSERT INTO products VALUES(49,'Mr. Akeem Oberbrunner DDS','Eos velit tempora et eos eos.',15.02999999999999936,8004,7048,5315,'Activo',64,'2024-09-20 21:12:18','2024-09-20 21:12:18');
INSERT INTO products VALUES(50,'Robb Spencer','Consequuntur aliquam consequatur culpa amet.',53.079999999999998294,8632,3363,8321,'Activo',64,'2024-09-20 21:12:18','2024-09-20 21:12:18');
INSERT INTO products VALUES(51,'Alicia Mills','Et nihil dolorem maxime autem aut qui vero quaerat.',9.8900000000000005684,4074,5303,7988,'Activo',64,'2024-09-20 21:12:18','2024-09-20 21:12:18');
INSERT INTO products VALUES(52,'Alfred Rau DVM','Quaerat voluptatem fugit quia nihil ut qui facere quisquam.',23.289999999999999146,7111,4441,5985,'Activo',64,'2024-09-20 21:12:18','2024-09-20 21:12:18');
INSERT INTO products VALUES(53,'Prof. Laverne Cronin Jr.','Magnam sed necessitatibus nobis praesentium adipisci.',41.61999999999999744,6638,3465,3638,'Activo',64,'2024-09-20 21:12:18','2024-09-20 21:12:18');
INSERT INTO products VALUES(54,'Prof. Winston Douglas V','Placeat reiciendis beatae inventore voluptatem voluptatem.',57.810000000000002274,8720,5765,8005,'Activo',64,'2024-09-20 21:12:18','2024-09-20 21:12:18');
INSERT INTO products VALUES(55,'Dr. Michele Bauch','Labore quis enim alias vero error.',48.74000000000000199,9847,5154,5365,'Activo',64,'2024-09-20 21:12:18','2024-09-20 21:12:18');
INSERT INTO products VALUES(56,'Adaline Vandervort','Rerum adipisci fuga quis ipsum ut.',16.309999999999998721,6398,6325,5278,'Activo',64,'2024-09-20 21:12:18','2024-09-20 21:12:18');
INSERT INTO products VALUES(57,'Robb Koepp DDS','Vero occaecati ipsum aut id laudantium et.',47.86999999999999744,9655,4472,5113,'Activo',64,'2024-09-20 21:12:18','2024-09-20 21:12:18');
INSERT INTO products VALUES(58,'Eldred Schneider Jr.','Nostrum eveniet voluptatem totam.',33.240000000000001988,8523,5790,4926,'Activo',64,'2024-09-20 21:12:18','2024-09-20 21:12:18');
INSERT INTO products VALUES(59,'Joyce Gulgowski','Nesciunt eaque harum corrupti nam.',43.380000000000002559,6872,3611,5880,'Activo',64,'2024-09-20 21:12:18','2024-09-20 21:12:18');
INSERT INTO products VALUES(60,'Mr. Ethel Witting','Omnis aliquam et eos veritatis repudiandae voluptatibus est.',39.240000000000001989,8533,3088,6287,'Activo',64,'2024-09-20 21:12:18','2024-09-20 21:12:18');
INSERT INTO products VALUES(61,'Mr. Carleton Greenholt MD','Sit dignissimos reprehenderit mollitia sit amet consequuntur.',91.34000000000000341,5144,3278,4003,'Activo',65,'2024-09-20 21:12:18','2024-09-20 21:12:18');
INSERT INTO products VALUES(62,'Rashad Goodwin','Qui vitae omnis pariatur iusto.',96.109999999999999433,7868,5177,7404,'Activo',65,'2024-09-20 21:12:18','2024-09-20 21:12:18');
INSERT INTO products VALUES(63,'Mrs. Michaela Christiansen','Aut dolores harum tempore et.',82.099999999999994319,3584,7283,7203,'Activo',65,'2024-09-20 21:12:18','2024-09-20 21:12:18');
INSERT INTO products VALUES(64,'Mr. Mohamed Medhurst','Mollitia in esse possimus quo sapiente aut illum.',14.099999999999999645,8240,6812,8046,'Activo',65,'2024-09-20 21:12:18','2024-09-20 21:12:18');
INSERT INTO products VALUES(65,'Brandt Friesen','Non qui dolores aut sed quae nihil eveniet dolorem.',61.070000000000000282,5036,4563,9759,'Activo',65,'2024-09-20 21:12:18','2024-09-20 21:12:18');
INSERT INTO products VALUES(66,'Claud Wehner','Ab tempore nemo doloremque ab qui at quos.',8.9600000000000008526,3565,7527,3806,'Activo',65,'2024-09-20 21:12:18','2024-09-20 21:12:18');
INSERT INTO products VALUES(67,'Marisa Schultz III','Praesentium expedita aliquam nihil minima ipsum.',68.060000000000002275,8154,7619,8486,'Activo',65,'2024-09-20 21:12:18','2024-09-20 21:12:18');
INSERT INTO products VALUES(68,'Neva Robel','Officia fugiat dolores rerum debitis ea.',90.599999999999994313,6337,3483,8969,'Activo',65,'2024-09-20 21:12:18','2024-09-20 21:12:18');
INSERT INTO products VALUES(69,'Izaiah Daugherty','Magni possimus laudantium ad aut repellendus.',82.37000000000000455,3576,9342,5271,'Activo',65,'2024-09-20 21:12:18','2024-09-20 21:12:18');
INSERT INTO products VALUES(70,'Aimee Ritchie','Aut facere enim voluptatibus odit.',79.329999999999998294,8371,8498,4337,'Activo',65,'2024-09-20 21:12:18','2024-09-20 21:12:18');
INSERT INTO products VALUES(71,'Fern Veum','Rerum laborum nisi ducimus et ea odit.',35.969999999999998862,4552,9298,9258,'Activo',65,'2024-09-20 21:12:18','2024-09-20 21:12:18');
INSERT INTO products VALUES(72,'Dr. Osvaldo Konopelski II','Fuga sunt ea assumenda ea cum ab.',26.440000000000001278,9772,9925,9509,'Activo',65,'2024-09-20 21:12:18','2024-09-20 21:12:18');
INSERT INTO products VALUES(73,'Dr. Deron Brekke Jr.','Qui qui enim esse aut consequatur et.',2.4100000000000001421,3559,5641,3876,'Activo',65,'2024-09-20 21:12:18','2024-09-20 21:12:18');
INSERT INTO products VALUES(74,'Claude Bernier','Et qui voluptate dolorem perferendis earum ipsa ad.',81.200000000000002843,4226,9057,4574,'Activo',65,'2024-09-20 21:12:18','2024-09-20 21:12:18');
INSERT INTO products VALUES(75,'Luis Stehr I','Nesciunt possimus non enim omnis voluptates ipsa expedita non.',8.6199999999999992184,4780,9801,5770,'Activo',65,'2024-09-20 21:12:18','2024-09-20 21:12:18');
INSERT INTO products VALUES(76,'Mr. Robbie Schimmel IV','Voluptas quae consequatur rem suscipit minus qui distinctio.',76.40999999999999659,7729,8415,4326,'Activo',66,'2024-09-20 21:12:18','2024-09-20 21:12:18');
INSERT INTO products VALUES(77,'Clovis Altenwerth','Sint quisquam neque voluptas vel tenetur dolorum.',12.449999999999999289,9529,6173,8392,'Activo',66,'2024-09-20 21:12:18','2024-09-20 21:12:18');
INSERT INTO products VALUES(78,'Dr. Drake Flatley DDS','Nesciunt voluptatibus rerum tenetur soluta rerum consequatur rerum.',52.979999999999996874,5246,5681,6490,'Activo',66,'2024-09-20 21:12:18','2024-09-20 21:12:18');
INSERT INTO products VALUES(79,'Amie Price','Facere in sed dolorem ratione.',86.900000000000005686,8438,6117,4530,'Activo',66,'2024-09-20 21:12:18','2024-09-20 21:12:18');
INSERT INTO products VALUES(80,'Shyanne Zulauf','Eum repellendus nesciunt sed iusto ea rerum eligendi.',50.140000000000000566,7931,5445,7356,'Activo',66,'2024-09-20 21:12:18','2024-09-20 21:12:18');
INSERT INTO products VALUES(81,'Renee Jacobson','Voluptatem voluptatem sit ea.',13.259999999999999787,3027,4807,6638,'Activo',66,'2024-09-20 21:12:18','2024-09-20 21:12:18');
INSERT INTO products VALUES(82,'Petra Stracke','Repellendus praesentium dignissimos sunt officia ut.',93.269999999999996017,4013,5109,8657,'Activo',66,'2024-09-20 21:12:18','2024-09-20 21:12:18');
INSERT INTO products VALUES(83,'Jaqueline Raynor','Fuga voluptatem iste culpa.',40.929999999999999715,9747,4792,8591,'Activo',66,'2024-09-20 21:12:18','2024-09-20 21:12:18');
INSERT INTO products VALUES(84,'Lyda Barrows','Ea qui voluptatem vel nulla.',92.28000000000000114,4360,6246,9468,'Activo',66,'2024-09-20 21:12:18','2024-09-20 21:12:18');
INSERT INTO products VALUES(85,'Liana Leffler','Consequatur voluptas neque dolor saepe consequatur veniam velit rem.',75.959999999999993748,9408,3711,7618,'Activo',66,'2024-09-20 21:12:18','2024-09-20 21:12:18');
INSERT INTO products VALUES(86,'Jackson Zboncak','Molestiae ut autem id eum.',84.200000000000002845,5994,5148,9949,'Activo',66,'2024-09-20 21:12:18','2024-09-20 21:12:18');
INSERT INTO products VALUES(87,'Harley McLaughlin','Sunt placeat delectus eveniet.',54.909999999999996589,8969,6576,4243,'Activo',66,'2024-09-20 21:12:18','2024-09-20 21:12:18');
INSERT INTO products VALUES(88,'Mateo Krajcik','Voluptatum a ut provident accusantium eos repudiandae voluptatibus et.',43.369999999999997442,7195,3356,3915,'Activo',66,'2024-09-20 21:12:18','2024-09-20 21:12:18');
INSERT INTO products VALUES(89,'Dr. Kim Jenkins','Ducimus molestiae qui et ipsam quia.',85.769999999999996017,8295,8145,8772,'Activo',66,'2024-09-20 21:12:18','2024-09-20 21:12:18');
INSERT INTO products VALUES(90,'Mr. Sean Crist V','Accusantium totam vel temporibus nisi non quisquam at velit.',55.649999999999998578,5425,4476,3248,'Activo',66,'2024-09-20 21:12:18','2024-09-20 21:12:18');
INSERT INTO products VALUES(91,'Pantalones','prueba de Pantalones',10000,14000,15000,13900,'Activo',67,'2024-09-23 16:34:22','2024-09-23 16:34:22');
INSERT INTO products VALUES(92,'AAAAAA','prueba de',20000,2000,3000,2000,'Activo',2,'2024-09-23 20:29:07','2024-09-23 20:29:07');
INSERT INTO products VALUES(93,'Batas de Universidad Cesmag','bordado + Confeccion',90000,30000,35000,25000,'Activo',67,'2024-09-23 23:25:55','2024-09-23 23:25:55');
INSERT INTO products VALUES(94,'batas de ejemplo','prueba de batas de psicologis',80000,5000,1000,2000,'Activo',10,'2024-09-24 15:31:10','2024-09-24 15:31:10');
INSERT INTO products VALUES(95,'Bordado Grande M','Bordado Estandar',3000,200,NULL,NULL,'Activo',69,'2024-09-25 23:36:46','2024-09-25 23:36:46');
CREATE TABLE IF NOT EXISTS "categories" ("id" integer primary key autoincrement not null, "created_at" datetime, "updated_at" datetime, "nameCategory" varchar not null, "description" text, "status" varchar check ("status" in ('active', 'inactive')) not null default 'active');
INSERT INTO categories VALUES(1,'2024-09-20 21:12:14','2024-09-20 21:12:14','Delphia Ondricka Jr.','Ut qui deserunt consectetur enim voluptas.','inactive');
INSERT INTO categories VALUES(2,'2024-09-20 21:12:14','2024-09-20 21:12:14','Leila Marks II','Architecto beatae rem voluptatem in delectus autem.','active');
INSERT INTO categories VALUES(3,'2024-09-20 21:12:14','2024-09-20 21:12:14','Mable Wolff','Quis velit fugit beatae.','active');
INSERT INTO categories VALUES(4,'2024-09-20 21:12:14','2024-09-20 21:12:14','Dewitt Lindgren','Culpa omnis molestiae qui ea.','active');
INSERT INTO categories VALUES(5,'2024-09-20 21:12:14','2024-09-20 21:12:14','Maxwell Reilly Sr.','Ipsam autem unde iste delectus.','active');
INSERT INTO categories VALUES(6,'2024-09-20 21:12:14','2024-09-20 21:12:14','Casimir Hermann II','Vero adipisci molestias enim laudantium.','inactive');
INSERT INTO categories VALUES(7,'2024-09-20 21:12:14','2024-09-20 21:12:14','Elena Kassulke','Earum necessitatibus qui consequatur molestias sunt porro id.','active');
INSERT INTO categories VALUES(8,'2024-09-20 21:12:14','2024-09-20 21:12:14','Sonya Daniel V','Ut error cupiditate eum unde vel voluptatem.','inactive');
INSERT INTO categories VALUES(9,'2024-09-20 21:12:14','2024-09-20 21:12:14','Ms. Kendra Schinner','Dolores minus qui nihil laborum.','active');
INSERT INTO categories VALUES(10,'2024-09-20 21:12:14','2024-09-20 21:12:14','Arnaldo Hagenes','Nostrum doloremque et et voluptatem nihil quis voluptatem.','active');
INSERT INTO categories VALUES(11,'2024-09-20 21:12:14','2024-09-20 21:12:14','Zita Smith','Vero sapiente est dolores voluptas.','inactive');
INSERT INTO categories VALUES(12,'2024-09-20 21:12:14','2024-09-20 21:12:14','Major Fay','Aut aperiam dolores assumenda omnis.','inactive');
INSERT INTO categories VALUES(13,'2024-09-20 21:12:15','2024-09-20 21:12:15','Mr. Cyril Dare MD','Voluptatem quo laudantium autem laudantium voluptas voluptatem.','active');
INSERT INTO categories VALUES(14,'2024-09-20 21:12:15','2024-09-20 21:12:15','Jayme Hudson','Voluptatem nulla modi non.','active');
INSERT INTO categories VALUES(15,'2024-09-20 21:12:15','2024-09-20 21:12:15','Tate Herman','Nam id voluptatem quia.','inactive');
INSERT INTO categories VALUES(16,'2024-09-20 21:12:15','2024-09-20 21:12:15','Ms. Erna Spinka','Voluptate ipsum quisquam eligendi ipsa aut.','active');
INSERT INTO categories VALUES(17,'2024-09-20 21:12:15','2024-09-20 21:12:15','Mr. Hipolito Runte MD','Distinctio mollitia molestias rerum libero.','inactive');
INSERT INTO categories VALUES(18,'2024-09-20 21:12:15','2024-09-20 21:12:15','Malcolm Bednar','Quo facere tempore repellendus cum quia voluptatem non.','inactive');
INSERT INTO categories VALUES(19,'2024-09-20 21:12:15','2024-09-20 21:12:15','Christopher Romaguera','Non doloremque aliquam ipsam officiis dicta cum.','inactive');
INSERT INTO categories VALUES(20,'2024-09-20 21:12:15','2024-09-20 21:12:15','Maida Halvorson','Illo consequatur voluptates consequatur.','active');
INSERT INTO categories VALUES(21,'2024-09-20 21:12:15','2024-09-20 21:12:15','Mrs. Chelsie Shields I','Soluta assumenda aspernatur et repellat omnis.','active');
INSERT INTO categories VALUES(22,'2024-09-20 21:12:15','2024-09-20 21:12:15','Prof. Diego Fadel','Est nihil iste voluptatibus deserunt voluptatem.','inactive');
INSERT INTO categories VALUES(23,'2024-09-20 21:12:15','2024-09-20 21:12:15','Berta Kozey','Nesciunt ad alias nisi labore.','active');
INSERT INTO categories VALUES(24,'2024-09-20 21:12:15','2024-09-20 21:12:15','Raul Will','Maxime voluptatem dolore optio.','active');
INSERT INTO categories VALUES(25,'2024-09-20 21:12:15','2024-09-20 21:12:15','Isaias Doyle','Maiores atque magnam est nihil.','inactive');
INSERT INTO categories VALUES(26,'2024-09-20 21:12:15','2024-09-20 21:12:15','Lamar Wintheiser II','Culpa iusto voluptatem enim molestiae est et.','active');
INSERT INTO categories VALUES(27,'2024-09-20 21:12:15','2024-09-20 21:12:15','Miss Karine Moen','Quia consequatur debitis unde laboriosam nulla.','inactive');
INSERT INTO categories VALUES(28,'2024-09-20 21:12:15','2024-09-20 21:12:15','Rosina Cruickshank','Praesentium sunt pariatur quia quaerat laboriosam qui.','active');
INSERT INTO categories VALUES(29,'2024-09-20 21:12:15','2024-09-20 21:12:15','Andres O''Kon I','Laboriosam similique minus minus debitis consequuntur.','inactive');
INSERT INTO categories VALUES(30,'2024-09-20 21:12:15','2024-09-20 21:12:15','Dr. Howell Mann','Veniam nulla quibusdam quia distinctio.','active');
INSERT INTO categories VALUES(31,'2024-09-20 21:12:17','2024-09-20 21:12:17','Bertha Reichel','Et corrupti tempora consequuntur.','active');
INSERT INTO categories VALUES(32,'2024-09-20 21:12:17','2024-09-20 21:12:17','Juwan Rutherford','Adipisci aut quia libero architecto at iusto libero.','active');
INSERT INTO categories VALUES(33,'2024-09-20 21:12:17','2024-09-20 21:12:17','Dr. Aliyah Stark V','Cumque aut expedita molestiae laudantium ea.','inactive');
INSERT INTO categories VALUES(34,'2024-09-20 21:12:17','2024-09-20 21:12:17','Roslyn Powlowski','Deleniti mollitia libero aspernatur occaecati laboriosam.','inactive');
INSERT INTO categories VALUES(35,'2024-09-20 21:12:17','2024-09-20 21:12:17','Nikki Daniel','Nihil qui debitis rerum et.','inactive');
INSERT INTO categories VALUES(36,'2024-09-20 21:12:17','2024-09-20 21:12:17','Lilla Senger','Mollitia nihil id rerum fuga ut voluptates vero.','active');
INSERT INTO categories VALUES(37,'2024-09-20 21:12:17','2024-09-20 21:12:17','Rosina Ferry I','Nam aut consequatur modi enim quam.','active');
INSERT INTO categories VALUES(38,'2024-09-20 21:12:17','2024-09-20 21:12:17','Icie Pollich','Dolor velit assumenda voluptatem et aut est.','active');
INSERT INTO categories VALUES(39,'2024-09-20 21:12:17','2024-09-20 21:12:17','Prof. Talia Berge','Enim minus consequatur vero.','inactive');
INSERT INTO categories VALUES(40,'2024-09-20 21:12:17','2024-09-20 21:12:17','Toy Mohr','Nobis pariatur ex aut.','active');
INSERT INTO categories VALUES(41,'2024-09-20 21:12:17','2024-09-20 21:12:17','Chadrick Cummings Sr.','Assumenda ut dolore pariatur aut cupiditate et.','inactive');
INSERT INTO categories VALUES(42,'2024-09-20 21:12:17','2024-09-20 21:12:17','Clovis Willms III','Repellendus occaecati officiis omnis id cum sint perspiciatis.','inactive');
INSERT INTO categories VALUES(43,'2024-09-20 21:12:17','2024-09-20 21:12:17','Jett Berge','Quidem ut et aut consequuntur non tempore similique.','active');
INSERT INTO categories VALUES(44,'2024-09-20 21:12:17','2024-09-20 21:12:17','Sheldon Watsica','Repudiandae facilis ea reprehenderit rerum exercitationem quia.','active');
INSERT INTO categories VALUES(45,'2024-09-20 21:12:17','2024-09-20 21:12:17','Athena Welch','Et dolorem vel beatae et.','active');
INSERT INTO categories VALUES(46,'2024-09-20 21:12:17','2024-09-20 21:12:17','Dr. Ari Mann V','Excepturi molestiae est esse tenetur ullam.','inactive');
INSERT INTO categories VALUES(47,'2024-09-20 21:12:17','2024-09-20 21:12:17','Ms. Nina Hermann Sr.','Debitis libero tenetur tempora consequatur.','inactive');
INSERT INTO categories VALUES(48,'2024-09-20 21:12:17','2024-09-20 21:12:17','Miss Ova Lowe MD','Itaque doloremque nemo et corporis sint cumque eaque quasi.','active');
INSERT INTO categories VALUES(49,'2024-09-20 21:12:17','2024-09-20 21:12:17','Prof. Rhoda Shields II','Ducimus harum eos repellat quidem.','active');
INSERT INTO categories VALUES(50,'2024-09-20 21:12:17','2024-09-20 21:12:17','Mrs. Asia Daugherty I','Fugit consequatur dolores eaque omnis repellendus ullam possimus.','inactive');
INSERT INTO categories VALUES(51,'2024-09-20 21:12:17','2024-09-20 21:12:17','Prof. Wilbert Toy Sr.','Fugiat non cupiditate quae non id.','active');
INSERT INTO categories VALUES(52,'2024-09-20 21:12:17','2024-09-20 21:12:17','Cydney Muller','Eaque ratione excepturi sed sequi.','active');
INSERT INTO categories VALUES(53,'2024-09-20 21:12:17','2024-09-20 21:12:17','Leola Wolff','Neque saepe non et et mollitia.','inactive');
INSERT INTO categories VALUES(54,'2024-09-20 21:12:17','2024-09-20 21:12:17','Cody Koss','Exercitationem soluta nesciunt aut at.','active');
INSERT INTO categories VALUES(55,'2024-09-20 21:12:17','2024-09-20 21:12:17','Anais Koelpin','Et optio asperiores dolorum doloremque.','active');
INSERT INTO categories VALUES(56,'2024-09-20 21:12:17','2024-09-20 21:12:17','Treva Ziemann','Cupiditate neque tempore quibusdam suscipit consequatur enim sunt aliquid.','active');
INSERT INTO categories VALUES(57,'2024-09-20 21:12:17','2024-09-20 21:12:17','Edwin Kozey','Cum ut exercitationem sed aspernatur minima ut.','inactive');
INSERT INTO categories VALUES(58,'2024-09-20 21:12:17','2024-09-20 21:12:17','Madaline Stark','Consequatur sapiente mollitia vero architecto ad rerum perferendis.','active');
INSERT INTO categories VALUES(59,'2024-09-20 21:12:17','2024-09-20 21:12:17','Nathaniel Halvorson','Corporis explicabo ducimus repellat aspernatur nemo vitae.','active');
INSERT INTO categories VALUES(60,'2024-09-20 21:12:17','2024-09-20 21:12:17','Prof. Jamel Conn I','Enim cum quam recusandae totam voluptatem.','inactive');
INSERT INTO categories VALUES(61,'2024-09-20 21:12:17','2024-09-20 21:12:17','Marian Doyle III','Qui qui sed recusandae voluptatibus et eos.','inactive');
INSERT INTO categories VALUES(62,'2024-09-20 21:12:17','2024-09-20 21:12:17','Casandra Lebsack MD','Alias sit nemo et amet ea qui aut magnam.','active');
INSERT INTO categories VALUES(63,'2024-09-20 21:12:17','2024-09-20 21:12:17','Earnest Bosco','Possimus rerum dolorem unde ut.','active');
INSERT INTO categories VALUES(64,'2024-09-20 21:12:17','2024-09-20 21:12:17','Terrell Grimes','Recusandae quia quis fugiat porro in quis repellat.','active');
INSERT INTO categories VALUES(65,'2024-09-20 21:12:17','2024-09-20 21:12:17','Dortha Reichel MD','Expedita minima qui tempore rerum minima sint.','active');
INSERT INTO categories VALUES(66,'2024-09-20 21:12:17','2024-09-20 21:12:17','Callie Bode','Qui expedita et veritatis modi est.','active');
INSERT INTO categories VALUES(67,'2024-09-23 15:14:59','2024-09-23 15:15:41','Batas',NULL,'active');
INSERT INTO categories VALUES(68,'2024-09-25 23:35:04','2024-09-25 23:35:04','Bordar Prendas',NULL,'active');
INSERT INTO categories VALUES(69,'2024-09-25 23:35:25','2024-09-25 23:35:25','Bordar Prendas Grandes',NULL,'active');
CREATE TABLE IF NOT EXISTS "pedidos" ("id" integer primary key autoincrement not null, "factura" varchar, "fechaEntrega" varchar, "envioDomicilio" tinyint(1) not null default '0', "clientId" integer not null, "estado" varchar check ("estado" in ('Pedido creado', 'Pedido enviado', 'Pedido recibido', 'Pedido confirmado', 'Materiales en stock', 'Produccin en curso', 'Control de calidad', 'Empaquetado', 'Enviado', 'Entregado', 'Pedido completado', 'Cancelado')) not null default 'Pedido creado', "impreso" tinyint(1) not null default '0', "notas" text, "created_at" datetime, "updated_at" datetime, foreign key("clientId") references "clients"("id") on delete cascade);
INSERT INTO pedidos VALUES(1,'xOOEAC6j80wawdy6mOwa','1974-05-28',0,1,'Pedido recibido',1,NULL,'2024-09-20 21:12:14','2024-09-20 21:12:14');
INSERT INTO pedidos VALUES(2,'vmEIU1uDEehhqAatYdzE','1985-03-20',1,2,'Produccin en curso',0,NULL,'2024-09-20 21:12:14','2024-09-26 00:34:38');
INSERT INTO pedidos VALUES(3,'Tvm3RIcG3KKRFL41CKMj','1984-04-10',1,3,'Pedido recibido',0,NULL,'2024-09-20 21:12:14','2024-09-20 21:12:14');
INSERT INTO pedidos VALUES(4,'wMOJztRmAMt9Nmc55LtV','1974-06-25',1,4,'Pedido completado',0,NULL,'2024-09-20 21:12:14','2024-09-20 21:12:14');
INSERT INTO pedidos VALUES(5,'SMGZk4CQpKE7W4gALVAR','1973-02-27',1,5,'Pedido completado',1,NULL,'2024-09-20 21:12:14','2024-09-20 21:12:14');
INSERT INTO pedidos VALUES(6,'jxzATeFsT3r1ELYFN7ny','1977-06-22',1,6,'Pedido creado',0,NULL,'2024-09-20 21:12:14','2024-09-20 21:12:14');
INSERT INTO pedidos VALUES(7,'G77RMyJKD0l07c1YG7Ck','1993-12-28',0,7,'Pedido completado',0,NULL,'2024-09-20 21:12:14','2024-09-20 21:12:14');
INSERT INTO pedidos VALUES(8,'wFHzV4gDelyv3215ZOlu','2001-08-01',1,8,'Produccin en curso',1,NULL,'2024-09-20 21:12:14','2024-09-26 00:34:38');
INSERT INTO pedidos VALUES(9,'JU4PKTkdgzNLAssggaXx','1974-02-23',1,9,'Pedido confirmado',1,NULL,'2024-09-20 21:12:14','2024-09-20 21:12:14');
INSERT INTO pedidos VALUES(10,'FvzmtJsBsKtBjQ47cnhl','1979-12-01',0,10,'Materiales en stock',1,NULL,'2024-09-20 21:12:14','2024-09-20 21:12:14');
INSERT INTO pedidos VALUES(11,'NRDSdxRQOFJfXV4Ht3Sg','2002-03-09',0,11,'Materiales en stock',0,NULL,'2024-09-20 21:12:14','2024-09-20 21:12:14');
INSERT INTO pedidos VALUES(12,'r7ArehDfa2RvtJ7gRVXV','2003-05-29',0,12,'Entregado',0,NULL,'2024-09-20 21:12:14','2024-09-20 21:12:14');
INSERT INTO pedidos VALUES(13,'2JNtLNoimVTG4MUf8X0h','1989-01-09',1,13,'Produccin en curso',0,NULL,'2024-09-20 21:12:15','2024-09-20 21:12:15');
INSERT INTO pedidos VALUES(14,'uLVjlOgko6NzmVsDCjUP','2020-02-28',0,14,'Enviado',0,NULL,'2024-09-20 21:12:15','2024-09-20 21:12:15');
INSERT INTO pedidos VALUES(15,'xi52npzOc6eaBjd4kwzX','2022-03-05',0,15,'Control de calidad',1,NULL,'2024-09-20 21:12:15','2024-09-20 21:12:15');
INSERT INTO pedidos VALUES(16,'nDnTFJlK18EuEnlRFvdj','1995-01-29',1,16,'Empaquetado',1,NULL,'2024-09-20 21:12:15','2024-09-20 21:12:15');
INSERT INTO pedidos VALUES(17,'yIndkNagNksgBAox26pz','1992-08-18',0,17,'Pedido completado',1,NULL,'2024-09-20 21:12:15','2024-09-20 21:12:15');
INSERT INTO pedidos VALUES(18,'ZQZb2WoAZfAAxccjMBzd','2001-09-25',0,18,'Pedido confirmado',1,NULL,'2024-09-20 21:12:15','2024-09-20 21:12:15');
INSERT INTO pedidos VALUES(19,'Btkr4ZHILHIYtLtz8p6l','1974-05-11',0,19,'Pedido confirmado',1,NULL,'2024-09-20 21:12:15','2024-09-20 21:12:15');
INSERT INTO pedidos VALUES(20,'EeJeAVJq4JCyD45dsOff','2006-11-17',1,20,'Pedido creado',0,NULL,'2024-09-20 21:12:15','2024-09-20 21:12:15');
INSERT INTO pedidos VALUES(21,'rmFnTphx2GPHVpZvF7fn','1990-04-15',0,21,'Pedido confirmado',0,NULL,'2024-09-20 21:12:15','2024-09-20 21:12:15');
INSERT INTO pedidos VALUES(22,'AgTm0GVHGYs9oYHRLTiH','2021-12-18',0,22,'Enviado',0,NULL,'2024-09-20 21:12:15','2024-09-20 21:12:15');
INSERT INTO pedidos VALUES(23,'w3a3AYMXaFbuw3XK7Ih8','2014-07-09',0,23,'Produccin en curso',0,NULL,'2024-09-20 21:12:15','2024-09-26 00:34:38');
INSERT INTO pedidos VALUES(24,'mUiEdlrD5GGISYbeF0c6','2004-12-20',0,24,'Materiales en stock',0,NULL,'2024-09-20 21:12:15','2024-09-20 21:12:15');
INSERT INTO pedidos VALUES(25,'BxVVHYk89CSUK7xuibFP','1989-09-02',0,25,'Enviado',0,NULL,'2024-09-20 21:12:15','2024-09-20 21:12:15');
INSERT INTO pedidos VALUES(26,'fRqGEzPRcEDaTgbaXlHY','1971-08-09',0,26,'Entregado',1,NULL,'2024-09-20 21:12:15','2024-09-20 21:12:15');
INSERT INTO pedidos VALUES(27,'WvWOYVd4DrHk7T8qjgLA','1975-01-21',1,27,'Empaquetado',1,NULL,'2024-09-20 21:12:15','2024-09-20 21:12:15');
INSERT INTO pedidos VALUES(28,'ckVk2VBqyMaeLRZ7GA53','1977-03-31',1,28,'Produccin en curso',0,NULL,'2024-09-20 21:12:15','2024-09-20 21:12:15');
INSERT INTO pedidos VALUES(29,'qWw8Ue03CfY5JKkBkw7A','1997-07-30',1,29,'Produccin en curso',0,NULL,'2024-09-20 21:12:15','2024-09-20 21:12:15');
INSERT INTO pedidos VALUES(30,'QSlqbKqfcYWtatLgXY7T','1980-06-29',0,30,'Produccin en curso',1,NULL,'2024-09-20 21:12:15','2024-09-20 21:12:15');
INSERT INTO pedidos VALUES(31,'9203',NULL,0,81,'Pedido confirmado',0,NULL,'2024-09-23 23:19:59','2024-09-23 23:54:41');
INSERT INTO pedidos VALUES(32,'9203',NULL,0,1,'Pedido confirmado',0,NULL,'2024-09-24 15:26:39','2024-09-24 15:31:45');
INSERT INTO pedidos VALUES(33,'0001',NULL,0,1,'Pedido confirmado',0,NULL,'2024-09-24 15:42:14','2024-09-24 15:45:38');
INSERT INTO pedidos VALUES(34,'9203',NULL,0,5,'Pedido creado',0,NULL,'2024-09-25 22:34:27','2024-09-25 22:34:27');
INSERT INTO pedidos VALUES(35,'9203',NULL,0,81,'Produccin en curso',0,NULL,'2024-09-25 23:04:48','2024-09-26 00:34:38');
INSERT INTO pedidos VALUES(36,'9203',NULL,0,1,'Pedido creado',0,NULL,'2024-09-25 23:45:11','2024-09-25 23:45:11');
INSERT INTO pedidos VALUES(37,'1929',NULL,0,2,'Produccin en curso',0,NULL,'2024-09-26 01:06:18','2024-09-26 01:07:24');
INSERT INTO pedidos VALUES(38,'9203',NULL,0,5,'Produccin en curso',0,NULL,'2024-09-26 16:10:48','2024-09-26 19:26:45');
CREATE TABLE IF NOT EXISTS "orders" ("id" integer primary key autoincrement not null, "categoriaId" integer not null, "pedidoId" integer not null, "producto" varchar not null, "descripcion" text not null, "talla" varchar not null, "cantidad" varchar not null, "facultad" varchar not null, "precioUnitario" varchar not null, "estado" varchar not null, "created_at" datetime, "updated_at" datetime, foreign key("categoriaId") references "categories"("id") on delete cascade, foreign key("pedidoId") references "pedidos"("id") on delete cascade);
INSERT INTO orders VALUES(1,1,1,'Mrs.','Atque et nisi fuga autem recusandae non fugit. Ea tenetur quam velit ad rem ut. Incidunt tenetur sunt consequatur atque optio blanditiis harum. Vel et repudiandae voluptatum eveniet.','L','5','odio','39537','creado','2024-09-20 21:12:15','2024-09-20 21:12:15');
INSERT INTO orders VALUES(2,69,2,'Dr.','Aqui','M','10','sunt','17275','pendiente','2024-09-20 21:12:15','2024-09-26 00:17:17');
INSERT INTO orders VALUES(3,3,3,'Mr.','Ea dolores hic quo ipsum. Est vero ut dolor sint veniam. Maiores quam velit explicabo non iure dolores. Sit est adipisci laboriosam.','S','1','consequatur','14685','creado','2024-09-20 21:12:15','2024-09-20 21:12:15');
INSERT INTO orders VALUES(4,4,4,'Prof.','Vitae laboriosam et porro dolores quidem amet suscipit. Et iste explicabo dolorem reiciendis. Iure odit exercitationem earum voluptates.','L','3','quos','19763','pendiente','2024-09-20 21:12:15','2024-09-20 21:12:15');
INSERT INTO orders VALUES(5,5,5,'Prof.','Minima soluta nemo delectus expedita. Laudantium est deleniti aut numquam odio.','S','5','labore','19777','creado','2024-09-20 21:12:15','2024-09-20 21:12:15');
INSERT INTO orders VALUES(6,6,6,'Ms.','Et porro ad voluptatum autem error ipsam quo. Consequatur vel repellendus praesentium quis expedita.','S','10','commodi','14949','pendiente','2024-09-20 21:12:15','2024-09-20 21:12:15');
INSERT INTO orders VALUES(7,7,7,'Dr.','Et et quia eum amet hic. Eos quasi explicabo aut et. Et rem rerum praesentium aut facere unde explicabo.','M','10','quisquam','29074','creado','2024-09-20 21:12:15','2024-09-20 21:12:15');
INSERT INTO orders VALUES(8,8,8,'Mr.','Tenetur repudiandae modi eligendi repellat cumque dolores. Tempore reiciendis consequuntur vitae ipsam. Adipisci nisi est ea ea saepe recusandae occaecati.','S','9','aut','23168','pendiente','2024-09-20 21:12:15','2024-09-20 21:12:15');
INSERT INTO orders VALUES(9,9,9,'Dr.','Distinctio vel eius voluptatibus commodi quas aliquid quo voluptas. Eos libero saepe accusantium omnis alias praesentium. Est totam iste nam aut sed.','L','6','harum','6441','creado','2024-09-20 21:12:15','2024-09-20 21:12:15');
INSERT INTO orders VALUES(10,10,10,'Prof.','Qui et explicabo tempore et eum vel nam. Quo eos aut velit sit. Cum nemo voluptate nemo ut consequuntur vel. Ea ad consequatur sapiente.','M','4','neque','11995','pendiente','2024-09-20 21:12:15','2024-09-20 21:12:15');
INSERT INTO orders VALUES(11,11,11,'Ms.','Occaecati esse esse odit aliquam. Ut modi eum non dolorem qui et. Consequuntur ad nihil iure nam est cum ipsum. Sit tenetur debitis et ullam numquam vel.','L','3','quis','34882','creado','2024-09-20 21:12:15','2024-09-20 21:12:15');
INSERT INTO orders VALUES(12,12,12,'Mr.','Illo omnis cupiditate expedita laborum ipsam est dolores. Aut dicta ut impedit neque ipsum et.','S','8','et','14433','creado','2024-09-20 21:12:15','2024-09-20 21:12:15');
INSERT INTO orders VALUES(13,13,13,'Ms.','Et labore vitae quia ratione quo in dolor. Aliquid ratione explicabo molestias totam modi eos a. Asperiores id commodi autem cumque.','L','7','ut','16298','pendiente','2024-09-20 21:12:16','2024-09-20 21:12:16');
INSERT INTO orders VALUES(14,14,14,'Prof.','Qui delectus blanditiis et qui qui. Accusamus sed veritatis maxime est quod aliquam. Et eum ut soluta est et natus commodi est.','M','5','sapiente','25171','pendiente','2024-09-20 21:12:16','2024-09-20 21:12:16');
INSERT INTO orders VALUES(15,15,15,'Mr.','Delectus fugiat et eum qui error ut similique enim. Eum amet soluta et adipisci. Asperiores officiis voluptatibus et voluptas a tempore.','L','7','quasi','27848','creado','2024-09-20 21:12:16','2024-09-20 21:12:16');
INSERT INTO orders VALUES(16,16,16,'Prof.','Vitae et incidunt deleniti amet. Quod ut a sit praesentium. Magnam ad quia culpa.','L','7','sunt','22755','creado','2024-09-20 21:12:16','2024-09-20 21:12:16');
INSERT INTO orders VALUES(17,17,17,'Mrs.','Id aut ut omnis. Dolor nihil eos corporis maiores qui. Laudantium inventore unde et non. Repellat quia tenetur quas.','L','8','possimus','28362','creado','2024-09-20 21:12:16','2024-09-20 21:12:16');
INSERT INTO orders VALUES(18,18,18,'Mrs.','Consequuntur nihil aliquid voluptatem sint. Ex sequi deleniti laboriosam odio quo commodi quidem similique. Voluptas ipsum delectus doloribus.','S','1','non','17050','creado','2024-09-20 21:12:16','2024-09-20 21:12:16');
INSERT INTO orders VALUES(19,19,19,'Dr.','Deserunt dicta laborum odio aliquam dolores numquam. Qui pariatur dignissimos soluta dolorem quo. Quam quis quos delectus voluptatem quasi quisquam ex.','S','6','culpa','4064','pendiente','2024-09-20 21:12:16','2024-09-20 21:12:16');
INSERT INTO orders VALUES(20,20,20,'Dr.','Velit minus dolores provident maxime. Qui ab aspernatur repellat minima blanditiis beatae ut. Qui et porro ut consequatur explicabo.','S','10','esse','35904','creado','2024-09-20 21:12:16','2024-09-20 21:12:16');
INSERT INTO orders VALUES(21,21,21,'Miss','Totam temporibus est rerum. Alias eaque voluptatem non. Molestias aut non quasi qui minus. Saepe repellendus dignissimos voluptas corrupti.','S','8','perspiciatis','8442','creado','2024-09-20 21:12:16','2024-09-20 21:12:16');
INSERT INTO orders VALUES(22,22,22,'Dr.','A voluptatem quae delectus ex quas impedit quibusdam. Facere omnis provident qui nihil ea. Non sint eum sit.','M','5','a','6816','pendiente','2024-09-20 21:12:16','2024-09-20 21:12:16');
INSERT INTO orders VALUES(23,23,23,'Miss','Omnis et earum repudiandae modi voluptatem corrupti. A rerum minus eos accusamus. Id unde dolor eligendi sint nulla impedit.','S','5','quasi','29330','creado','2024-09-20 21:12:16','2024-09-20 21:12:16');
INSERT INTO orders VALUES(24,24,24,'Prof.','Recusandae ab expedita est perspiciatis quod et non. Sequi modi facere odio. Voluptatem magni minus eos id in. Eos porro provident incidunt commodi magnam quia et.','M','5','maxime','13967','creado','2024-09-20 21:12:16','2024-09-20 21:12:16');
INSERT INTO orders VALUES(25,25,25,'Mr.','Cumque ex doloribus necessitatibus qui qui. Quia et numquam ut molestiae ab velit aut. Quidem laudantium quae dolore.','S','5','accusamus','35599','creado','2024-09-20 21:12:16','2024-09-20 21:12:16');
INSERT INTO orders VALUES(26,26,26,'Dr.','Quia illum earum ea. Voluptatem expedita asperiores rem qui et illum. Et porro aut dolor fuga placeat maiores. Illo modi fugiat et ea. Nostrum voluptatem quo at recusandae.','S','5','explicabo','38471','pendiente','2024-09-20 21:12:16','2024-09-20 21:12:16');
INSERT INTO orders VALUES(27,27,27,'Mrs.','Fugiat officia adipisci quo voluptate praesentium quod. Voluptas consequatur delectus dolorum illum. Pariatur deserunt eius praesentium odit. Velit et iusto atque ut aut iure expedita libero.','L','6','quis','10873','pendiente','2024-09-20 21:12:16','2024-09-20 21:12:16');
INSERT INTO orders VALUES(28,28,28,'Prof.','Accusantium repellendus natus omnis et repellat. Ut et quas amet quibusdam reiciendis aut. Odit et aspernatur nesciunt laudantium ducimus. Sint minus voluptate ut est numquam.','S','3','in','33262','pendiente','2024-09-20 21:12:16','2024-09-20 21:12:16');
INSERT INTO orders VALUES(29,29,29,'Mr.','Harum nisi tempora eos omnis et. Reprehenderit mollitia fuga quia error. Vitae ratione ducimus consequatur eaque provident. Eius occaecati illo id quibusdam. Est et qui nostrum consectetur deserunt.','M','4','distinctio','5715','creado','2024-09-20 21:12:16','2024-09-20 21:12:16');
INSERT INTO orders VALUES(30,30,30,'Miss','Consequatur fugit vel aperiam et numquam corrupti ut. Vero vel nesciunt aspernatur qui modi aut aspernatur soluta. Est modi qui magnam.','M','1','nemo','35200','creado','2024-09-20 21:12:16','2024-09-20 21:12:16');
INSERT INTO orders VALUES(31,67,31,'Batas de la Universidad Cesmag','Prueba de Asignacion','XS','6','Ing Sistemas','50000','completado','2024-09-23 23:20:50','2024-09-23 23:54:25');
INSERT INTO orders VALUES(32,67,31,'Batas de la Universidad Cesmag','Prueba de Asignacion','16','6','Ing Sistemas','50000','completado','2024-09-23 23:21:04','2024-09-23 23:54:41');
INSERT INTO orders VALUES(33,67,31,'Batas de la Universidad Cesmag','Prueba de Asignacion 6','L','7','Ing Sistemas','50000','completado','2024-09-23 23:21:22','2024-09-23 23:28:38');
INSERT INTO orders VALUES(34,10,32,'Batas de Psicologia  Cesmag','con bordado en el pecho','XS','3','Ciencias','40000','completado','2024-09-24 15:27:45','2024-09-24 15:31:45');
INSERT INTO orders VALUES(35,67,33,'prueba de costos','pueba de costos','14','3','prueba de costos','12000','completado','2024-09-24 15:43:05','2024-09-24 15:45:38');
INSERT INTO orders VALUES(36,67,35,'PANTALON LISO ISFA DEPORTIVO','Esta es  una descripcion de pruaba con  el fin de evidenciar algo en','14','4','Colegio Isfa','3000','creado','2024-09-25 23:05:44','2024-09-25 23:05:44');
INSERT INTO orders VALUES(37,67,35,'PANTALON LISO ISFA DEPORTIVO','Esta es  una descripcion de pruaba con  el fin de evidenciar algo en','14','4','Colegio Isfa','3000','creado','2024-09-25 23:05:56','2024-09-25 23:05:56');
INSERT INTO orders VALUES(38,67,35,'PANTALON LISO ISFA DEPORTIVO','Esta es  una','14','4','Colegio Isfa','3000','creado','2024-09-25 23:06:10','2024-09-25 23:06:10');
INSERT INTO orders VALUES(39,2,2,'prueba','aHoola','16','1','Ciencia de la tegnologia','1','creado','2024-09-26 00:18:09','2024-09-26 00:18:09');
INSERT INTO orders VALUES(40,2,2,'prueba','aHoola','16','1','Ciencia de la tegnologia','1','creado','2024-09-26 00:18:16','2024-09-26 00:18:16');
INSERT INTO orders VALUES(41,4,37,'prueba de funcionamiento','Nada interesante','8','2','Psicologia','20000','creado','2024-09-26 01:06:53','2024-09-26 01:06:53');
INSERT INTO orders VALUES(42,4,37,'prueba de funcionamiento','Nada interesante','8','2','Psicologia','20000','creado','2024-09-26 01:07:01','2024-09-26 01:07:01');
INSERT INTO orders VALUES(43,10,38,'Pantalones  Aqui no era','Pantalon isfa con dos de cm en cadera','XS','4','Colegio Isfa','130000','creado','2024-09-26 16:12:19','2024-09-26 16:59:15');
INSERT INTO orders VALUES(44,7,38,'otra prueba de funcionamiento','Prueba','14','2','Psicologia','1000','creado','2024-09-26 16:38:44','2024-09-26 19:12:53');
INSERT INTO orders VALUES(45,69,38,'prueba de funcionamiento','aqui','10','2','Psicologia','5','creado','2024-09-26 19:26:39','2024-09-26 19:26:39');
CREATE TABLE IF NOT EXISTS "empleados" ("id" integer primary key autoincrement not null, "nombreCompleto" varchar not null, "fechaNacimiento" date not null, "genero" varchar not null, "dni" varchar not null, "direccion" varchar not null, "telefono" varchar not null, "email" varchar not null, "fechaContratacion" date not null, "cargo" varchar not null, "salario" varchar not null, "fotografia" varchar, "created_at" datetime, "updated_at" datetime);
INSERT INTO empleados VALUES(1,'Prof. Johnnie Hudson','1993-09-08','Femenino','1090290909',replace('804 Polly Park\nAvaview, HI 65350-5362','\n',char(10)),'1-540-893-7953','white.sunny@hotmail.com','2013-02-22','Otro','4338',NULL,'2024-09-20 21:12:17','2024-09-23 15:49:23');
INSERT INTO empleados VALUES(2,'Miss Angelica Nikolaus','1995-12-27','Femenino','Cf7Lki9',replace('15563 Gibson Crossing\nLake Carmellachester, MO 21633','\n',char(10)),'1-323-945-7791','kkreiger@gmail.com','2019-10-28','Vendedor','5026',NULL,'2024-09-20 21:12:17','2024-09-20 21:12:17');
INSERT INTO empleados VALUES(3,'Pinkie Fadel','1977-04-03','Femenino','59CEACS',replace('399 Pacocha Well\nLake Juvenal, NJ 53734','\n',char(10)),'580-258-0221','nigel48@morar.com','2011-06-29','Administrador','5896',NULL,'2024-09-20 21:12:17','2024-09-20 21:12:17');
INSERT INTO empleados VALUES(4,'Mr. Kaleigh Ratke DVM','2010-12-28','Femenino','GvDva4O',replace('4157 Douglas Trace\nJusticeview, NH 46434-7413','\n',char(10)),'+1 (680) 486-7820','logan23@schuster.com','2012-05-14','Administrador','4893',NULL,'2024-09-20 21:12:17','2024-09-20 21:12:17');
INSERT INTO empleados VALUES(5,'Sam Lockman','2022-09-14','Masculino','4QDSTwA',replace('4054 Geraldine Ville\nKieramouth, KY 53610','\n',char(10)),'432.630.3767','sortiz@hotmail.com','1977-10-20','Operador','5221',NULL,'2024-09-20 21:12:17','2024-09-20 21:12:17');
INSERT INTO empleados VALUES(6,'Vivienne Steuber','1994-10-13','Masculino','sRb0oKs',replace('447 Volkman Motorway\nEast Emiliano, RI 47445','\n',char(10)),'+1-986-390-6305','theodora.wisoky@yahoo.com','2015-08-15','Administrador','5978',NULL,'2024-09-20 21:12:17','2024-09-20 21:12:17');
INSERT INTO empleados VALUES(7,'Dr. Cali Schultz','1996-05-09','Masculino','Ohn1Y6o',replace('619 Aracely Manors Apt. 660\nNorth Trey, MD 28176-0918','\n',char(10)),'1-364-874-4817','fschulist@cummings.org','1974-04-20','Operador Externo','4001',NULL,'2024-09-20 21:12:17','2024-09-20 21:12:17');
INSERT INTO empleados VALUES(8,'Prof. Shaylee Weimann II','1986-05-24','Femenino','Gx6WMMx',replace('6174 Schaefer Hills Apt. 208\nChristiansenberg, DC 16780','\n',char(10)),'628-549-8885','yasmine.rodriguez@mitchell.biz','1994-10-21','Administrador','4097',NULL,'2024-09-20 21:12:17','2024-09-20 21:12:17');
INSERT INTO empleados VALUES(9,'Royce Rolfson Jr.','2015-12-21','Masculino','i70fkPj',replace('182 Camryn Hill\nPort Kenna, ND 98009','\n',char(10)),'417.679.8600','albert30@stanton.info','1985-07-06','Administrador','5184',NULL,'2024-09-20 21:12:17','2024-09-20 21:12:17');
INSERT INTO empleados VALUES(10,'Antonetta Feeney','2019-11-15','Masculino','LKScQza',replace('9260 Reichert Hills\nYundtchester, DC 25830-1466','\n',char(10)),'309.799.3963','xcartwright@yahoo.com','1999-02-07','Vendedor','5948',NULL,'2024-09-20 21:12:17','2024-09-20 21:12:17');
INSERT INTO empleados VALUES(11,'Dorcas Zieme','1976-06-30','Masculino','njuAmal',replace('303 Lesley Cliff\nNew Mireya, ND 60819','\n',char(10)),'+1-352-579-6984','armstrong.zula@hotmail.com','1983-06-27','Administrador','4762',NULL,'2024-09-20 21:12:17','2024-09-20 21:12:17');
INSERT INTO empleados VALUES(12,'Carolina Kohler','1990-06-21','Masculino','x97VqAT',replace('1992 Cassin Landing\nMorartown, AL 38184-9841','\n',char(10)),'+1-832-691-3598','jbeatty@cummerata.biz','1998-02-26','Operador Externo','5498',NULL,'2024-09-20 21:12:17','2024-09-20 21:12:17');
INSERT INTO empleados VALUES(13,'Joanne Blick Sr.','1994-03-11','Masculino','T9sgJUR',replace('4215 Hermiston Squares Suite 317\nJenkinsberg, DC 85326','\n',char(10)),'+1-260-208-4268','anabel35@zieme.info','2007-07-16','Operador','4673',NULL,'2024-09-20 21:12:17','2024-09-20 21:12:17');
INSERT INTO empleados VALUES(14,'Kariane Gerlach','1985-12-06','Masculino','DfyvvC3',replace('91689 Angelica Flat\nEast Dandreside, OR 99028-0780','\n',char(10)),'678.635.4362','boyer.cyril@collier.com','1991-06-30','Diseo_Corte','5095',NULL,'2024-09-20 21:12:17','2024-09-20 21:12:17');
INSERT INTO empleados VALUES(15,'Veda Littel','1970-08-27','Femenino','wy0F8G3',replace('63286 Hessel Pass Apt. 295\nMadisenstad, UT 44697','\n',char(10)),'1-820-647-9404','greg84@marks.info','2000-02-11','Vendedor','5102',NULL,'2024-09-20 21:12:17','2024-09-20 21:12:17');
INSERT INTO empleados VALUES(16,'Javier Alexander Lopez','2024-09-11','Femenino','1085298221','pasto','3128196355','javis9203@gmail.com','2024-09-24','Operador','0',NULL,'2024-09-23 15:56:52','2024-09-23 15:56:52');
CREATE TABLE IF NOT EXISTS "produccions" ("id" integer primary key autoincrement not null, "pedido_id" integer not null, "estado" varchar check ("estado" in ('procesado', 'sin procesar', 'cancelado')) not null, "created_at" datetime, "updated_at" datetime);
CREATE TABLE IF NOT EXISTS "asignacions" ("id" integer primary key autoincrement not null, "empleado_id" integer not null, "order_id" integer not null, "cantidad" integer not null, "fecha_asignacion" date not null, "costo" numeric not null, "tipocosto" varchar not null, "estado" varchar check ("estado" in ('asignado', 'terminado')) not null default 'asignado', "created_at" datetime, "updated_at" datetime, foreign key("empleado_id") references "empleados"("id") on delete cascade, foreign key("order_id") references "orders"("id") on delete cascade);
INSERT INTO asignacions VALUES(1,3,31,4,'2024-09-23',120000,'operador_normal','asignado','2024-09-23 23:27:24','2024-09-23 23:27:24');
INSERT INTO asignacions VALUES(2,7,32,5,'2024-09-23',125000,'externo_normal','asignado','2024-09-23 23:28:06','2024-09-23 23:28:06');
INSERT INTO asignacions VALUES(3,16,33,7,'2024-09-23',210000,'operador_normal','asignado','2024-09-23 23:28:37','2024-09-23 23:28:37');
INSERT INTO asignacions VALUES(4,5,31,1,'2024-09-23',14000,'operador_normal','asignado','2024-09-23 23:44:07','2024-09-23 23:44:07');
INSERT INTO asignacions VALUES(5,16,31,1,'2024-09-23',30000,'operador_normal','asignado','2024-09-23 23:54:25','2024-09-23 23:54:25');
INSERT INTO asignacions VALUES(6,16,32,1,'2024-09-23',30000,'operador_normal','asignado','2024-09-23 23:54:41','2024-09-23 23:54:41');
INSERT INTO asignacions VALUES(7,16,34,3,'2024-09-24',3000,'hora_extra','asignado','2024-09-24 15:31:45','2024-09-24 15:31:45');
INSERT INTO asignacions VALUES(8,13,35,3,'2024-09-24',90000,'operador_normal','asignado','2024-09-24 15:45:38','2024-09-24 15:45:38');
CREATE TABLE IF NOT EXISTS "cobros" ("id" integer primary key autoincrement not null, "created_at" datetime, "updated_at" datetime, "order_id" integer not null, "monto" numeric not null, "fechacobro" date not null, "fechavencimiento" date not null, "estado" varchar check ("estado" in ('pendiente', 'pagado', 'vencido')) not null default 'pendiente', foreign key("order_id") references "order"("id") on delete cascade);
CREATE TABLE IF NOT EXISTS "product_images" ("id" integer primary key autoincrement not null, "product_id" integer not null, "image_path" varchar not null, "created_at" datetime, "updated_at" datetime, foreign key("product_id") references "products"("id") on delete cascade);
INSERT INTO product_images VALUES(1,92,'/storage/uploads/172712332566f1cf7d629d8.jpg','2024-09-23 20:29:08','2024-09-23 20:29:08');
INSERT INTO product_images VALUES(2,92,'/storage/uploads/172712332566f1cf7d629d8.jpg',NULL,NULL);
INSERT INTO product_images VALUES(3,93,'/storage/uploads/172713394766f1f8fbb2c66.PNG','2024-09-23 23:25:55','2024-09-23 23:25:55');
INSERT INTO product_images VALUES(4,93,'/storage/uploads/172713394866f1f8fc4f7f1.png','2024-09-23 23:25:55','2024-09-23 23:25:55');
CREATE TABLE IF NOT EXISTS "historial_impresions" ("id" integer primary key autoincrement not null, "pedido_id" integer not null, "fecha_impresion" datetime not null, "usuario" varchar not null, "tipo_impresion" varchar not null, "created_at" datetime, "updated_at" datetime, foreign key("pedido_id") references "pedidos"("id") on delete cascade);
INSERT INTO historial_impresions VALUES(1,8,'2024-09-20 21:12:44','javis developez','POS','2024-09-20 21:12:44','2024-09-20 21:12:44');
INSERT INTO historial_impresions VALUES(2,8,'2024-09-20 21:16:17','javis developez','POS','2024-09-20 21:16:17','2024-09-20 21:16:17');
INSERT INTO historial_impresions VALUES(3,8,'2024-09-20 21:19:43','javis developez','POS','2024-09-20 21:19:43','2024-09-20 21:19:43');
INSERT INTO historial_impresions VALUES(4,8,'2024-09-20 21:20:01','javis developez','POS','2024-09-20 21:20:01','2024-09-20 21:20:01');
INSERT INTO historial_impresions VALUES(5,8,'2024-09-20 21:21:58','javis developez','POS','2024-09-20 21:21:58','2024-09-20 21:21:58');
INSERT INTO historial_impresions VALUES(6,8,'2024-09-20 21:23:00','javis developez','POS','2024-09-20 21:23:00','2024-09-20 21:23:00');
INSERT INTO historial_impresions VALUES(7,23,'2024-09-20 21:23:00','javis developez','POS','2024-09-20 21:23:00','2024-09-20 21:23:00');
INSERT INTO historial_impresions VALUES(8,31,'2024-09-23 23:22:29','javis developez','POS','2024-09-23 23:22:29','2024-09-23 23:22:29');
INSERT INTO historial_impresions VALUES(9,31,'2024-09-23 23:22:39','javis developez','POS','2024-09-23 23:22:39','2024-09-23 23:22:39');
INSERT INTO historial_impresions VALUES(10,8,'2024-09-24 19:20:51','javis developez','POS','2024-09-24 19:20:51','2024-09-24 19:20:51');
INSERT INTO historial_impresions VALUES(11,23,'2024-09-24 19:20:51','javis developez','POS','2024-09-24 19:20:51','2024-09-24 19:20:51');
INSERT INTO historial_impresions VALUES(12,8,'2024-09-24 19:21:00','javis developez','POS','2024-09-24 19:21:00','2024-09-24 19:21:00');
INSERT INTO historial_impresions VALUES(13,23,'2024-09-24 19:21:00','javis developez','POS','2024-09-24 19:21:00','2024-09-24 19:21:00');
INSERT INTO historial_impresions VALUES(14,8,'2024-09-24 19:27:32','javis developez','POS','2024-09-24 19:27:32','2024-09-24 19:27:32');
INSERT INTO historial_impresions VALUES(15,8,'2024-09-24 19:30:57','javis developez','POS','2024-09-24 19:30:57','2024-09-24 19:30:57');
INSERT INTO historial_impresions VALUES(16,8,'2024-09-25 22:21:29','javis developez','POS','2024-09-25 22:21:29','2024-09-25 22:21:29');
INSERT INTO historial_impresions VALUES(17,8,'2024-09-25 22:22:45','javis developez','POS','2024-09-25 22:22:45','2024-09-25 22:22:45');
INSERT INTO historial_impresions VALUES(18,8,'2024-09-25 22:23:50','javis developez','POS','2024-09-25 22:23:50','2024-09-25 22:23:50');
INSERT INTO historial_impresions VALUES(19,23,'2024-09-25 22:27:46','javis developez','POS','2024-09-25 22:27:46','2024-09-25 22:27:46');
INSERT INTO historial_impresions VALUES(20,8,'2024-09-25 22:32:14','javis developez','POS','2024-09-25 22:32:14','2024-09-25 22:32:14');
INSERT INTO historial_impresions VALUES(21,8,'2024-09-25 22:38:01','javis developez','POS','2024-09-25 22:38:01','2024-09-25 22:38:01');
INSERT INTO historial_impresions VALUES(22,8,'2024-09-25 22:41:40','javis developez','POS','2024-09-25 22:41:40','2024-09-25 22:41:40');
INSERT INTO historial_impresions VALUES(23,8,'2024-09-25 22:45:47','javis developez','POS','2024-09-25 22:45:47','2024-09-25 22:45:47');
INSERT INTO historial_impresions VALUES(24,8,'2024-09-25 22:50:10','javis developez','POS','2024-09-25 22:50:10','2024-09-25 22:50:10');
INSERT INTO historial_impresions VALUES(25,23,'2024-09-25 22:50:10','javis developez','POS','2024-09-25 22:50:10','2024-09-25 22:50:10');
INSERT INTO historial_impresions VALUES(26,8,'2024-09-25 22:55:12','javis developez','POS','2024-09-25 22:55:12','2024-09-25 22:55:12');
INSERT INTO historial_impresions VALUES(27,8,'2024-09-25 22:56:29','javis developez','POS','2024-09-25 22:56:29','2024-09-25 22:56:29');
INSERT INTO historial_impresions VALUES(28,23,'2024-09-25 22:56:29','javis developez','POS','2024-09-25 22:56:29','2024-09-25 22:56:29');
INSERT INTO historial_impresions VALUES(29,8,'2024-09-25 23:00:47','javis developez','POS','2024-09-25 23:00:47','2024-09-25 23:00:47');
INSERT INTO historial_impresions VALUES(30,23,'2024-09-25 23:00:47','javis developez','POS','2024-09-25 23:00:47','2024-09-25 23:00:47');
INSERT INTO historial_impresions VALUES(31,8,'2024-09-25 23:02:55','javis developez','POS','2024-09-25 23:02:55','2024-09-25 23:02:55');
INSERT INTO historial_impresions VALUES(32,8,'2024-09-25 23:06:39','javis developez','POS','2024-09-25 23:06:39','2024-09-25 23:06:39');
INSERT INTO historial_impresions VALUES(33,23,'2024-09-25 23:06:39','javis developez','POS','2024-09-25 23:06:39','2024-09-25 23:06:39');
INSERT INTO historial_impresions VALUES(34,35,'2024-09-25 23:06:39','javis developez','POS','2024-09-25 23:06:39','2024-09-25 23:06:39');
DELETE FROM sqlite_sequence;
INSERT INTO sqlite_sequence VALUES('migrations',364);
INSERT INTO sqlite_sequence VALUES('categories',69);
INSERT INTO sqlite_sequence VALUES('clients',81);
INSERT INTO sqlite_sequence VALUES('pedidos',38);
INSERT INTO sqlite_sequence VALUES('orders',45);
INSERT INTO sqlite_sequence VALUES('empleados',16);
INSERT INTO sqlite_sequence VALUES('products',95);
INSERT INTO sqlite_sequence VALUES('users',1);
INSERT INTO sqlite_sequence VALUES('historial_impresions',34);
INSERT INTO sqlite_sequence VALUES('product_images',4);
INSERT INTO sqlite_sequence VALUES('asignacions',8);
CREATE UNIQUE INDEX "users_email_unique" on "users" ("email");
CREATE INDEX "sessions_user_id_index" on "sessions" ("user_id");
CREATE INDEX "sessions_last_activity_index" on "sessions" ("last_activity");
CREATE INDEX "jobs_queue_index" on "jobs" ("queue");
CREATE UNIQUE INDEX "failed_jobs_uuid_unique" on "failed_jobs" ("uuid");
CREATE UNIQUE INDEX "clients_email_unique" on "clients" ("email");
CREATE UNIQUE INDEX "products_nameproduct_unique" on "products" ("nameProduct");
CREATE UNIQUE INDEX "categories_namecategory_unique" on "categories" ("nameCategory");
CREATE UNIQUE INDEX "empleados_dni_unique" on "empleados" ("dni");
CREATE UNIQUE INDEX "empleados_email_unique" on "empleados" ("email");
COMMIT;
